,Municipio,CodIbge,Estado,2008,2009,2010,2011,2012,2013,2014,2015,2016,2017,2018,2019
0,Acrelândia,120001,AC,8.0,23.0,363.0,78.0,2.0,472.0,2.0,5.0,4.0,140.0,60.0,9.0
1,Assis Brasil,0,AC,,42.0,249.0,51.0,46.0,111.0,19.0,6.0,482.0,2.0,4.0,82.0
2,Brasiléia,120010,AC,70.0,603.0,371.0,63.0,174.0,74.0,51.0,36.0,131.0,162.0,149.0,363.0
3,Bujari,120013,AC,2.0,76.0,65.0,18.0,9.0,10.0,1.0,,,,8.0,
4,Capixaba,120017,AC,4.0,113.0,137.0,195.0,9.0,47.0,8.0,1.0,39.0,18.0,15.0,63.0
5,Cruzeiro do Sul,120020,AC,1.0,20.0,53.0,66.0,12.0,28.0,27323.0,4915.0,308.0,624.0,1072.0,2808.0
6,Epitaciolândia,120025,AC,65.0,659.0,81.0,44.0,76.0,62.0,1.0,24.0,158.0,86.0,37.0,42.0
7,Feijó,0,AC,,4.0,3.0,155.0,6.0,7.0,5.0,3.0,7.0,,1219.0,1.0
8,Jordão,0,AC,,3.0,2.0,3.0,1.0,1.0,,,1.0,,,
9,Manoel Urbano,0,AC,,7.0,,,,1.0,1.0,,,,185.0,4.0
10,Marechal Thaumaturgo,0,AC,,,2.0,,1.0,,,,1.0,,,10.0
11,Mâncio Lima,120033,AC,1.0,3.0,2.0,5.0,1.0,1.0,45.0,19.0,5.0,5.0,588.0,292.0
12,Plácido de Castro,120038,AC,4.0,40.0,22.0,11.0,155.0,163.0,4.0,2.0,13.0,123.0,470.0,136.0
13,Porto Acre,120080,AC,11.0,259.0,64.0,36.0,3.0,21.0,,2.0,1.0,,72.0,11.0
14,Porto Walter,0,AC,,1.0,,,,,22.0,1.0,,,3.0,
15,Rio Branco,120040,AC,1951.0,17269.0,32378.0,17768.0,1738.0,1235.0,736.0,545.0,903.0,477.0,1720.0,2888.0
16,Rodrigues Alves,0,AC,,1.0,,1.0,1.0,,51.0,33.0,4.0,19.0,87.0,419.0
17,Santa Rosa do Purus,0,AC,,7.0,,1.0,,2.0,1.0,,,,,
18,Sena Madureira,120050,AC,78.0,91.0,202.0,148.0,1.0,77.0,18.0,,3.0,2.0,1114.0,322.0
19,Senador Guiomard,120045,AC,16.0,94.0,34.0,172.0,8.0,18.0,7.0,3.0,11.0,1.0,23.0,27.0
20,Tarauacá,120060,AC,2.0,9.0,3.0,9.0,3.0,7.0,,,,,281.0,1913.0
21,Xapuri,120070,AC,2.0,49.0,289.0,6.0,10.0,117.0,5.0,39.0,118.0,198.0,142.0,681.0
0,Amapá,0,AP,,,,,,,1.0,2.0,2.0,4.0,1.0,
1,Calçoene,160020,AP,1.0,,279.0,51.0,131.0,27.0,76.0,376.0,75.0,11.0,1.0,
2,Cutias,0,AP,,,2.0,,,,,,,,,
3,Ferreira Gomes,160023,AP,1.0,,19.0,37.0,24.0,77.0,12.0,83.0,125.0,72.0,66.0,1.0
4,Itaubal,160025,AP,1.0,,1.0,,,1.0,,,,1.0,,
5,Laranjal do Jari,0,AP,,1.0,,,,4.0,851.0,52.0,2.0,24.0,157.0,4.0
6,Macapá,160030,AP,490.0,1045.0,1532.0,1389.0,965.0,636.0,315.0,1596.0,942.0,376.0,355.0,150.0
7,Mazagão,160040,AP,8.0,2.0,2.0,20.0,35.0,96.0,22.0,268.0,9.0,1.0,16.0,
8,Município ignorado - AP,0,AP,,,,,1.0,,,,,,,
9,Oiapoque,160050,AP,575.0,488.0,668.0,546.0,128.0,433.0,614.0,418.0,391.0,230.0,2.0,5.0
10,Pedra Branca do Amapari,0,AP,,1.0,3.0,2.0,12.0,107.0,134.0,123.0,105.0,42.0,78.0,4.0
11,Porto Grande,160053,AP,32.0,20.0,59.0,56.0,48.0,172.0,117.0,139.0,,28.0,,
12,Pracuúba,0,AP,,1.0,,,,,,,,,,
13,Santana,160060,AP,91.0,115.0,354.0,655.0,93.0,90.0,18.0,258.0,74.0,68.0,46.0,13.0
14,Serra do Navio,160005,AP,1.0,43.0,321.0,9.0,98.0,44.0,12.0,14.0,19.0,39.0,12.0,11.0
15,Tartarugalzinho,0,AP,,1.0,,,5.0,,1.0,52.0,70.0,21.0,23.0,1.0
16,Vitória do Jari,0,AP,,,,,,,,,,,4.0,
0,Alvarães,130002,AM,3.0,,5.0,21.0,1.0,,13.0,19.0,2.0,5.0,1.0,3.0
1,Amaturá,0,AM,,,,,,2.0,4.0,,,,,
2,Anamã,130008,AM,2.0,,,16.0,,,,1.0,,,,
3,Anori,130010,AM,1.0,,2.0,18.0,4.0,1.0,39.0,3.0,1.0,1.0,2.0,
4,Apuí,130014,AM,1.0,4.0,8.0,4.0,,5.0,1.0,7.0,9.0,1.0,,
5,Atalaia do Norte,130020,AM,1.0,,,1.0,1.0,,6.0,,,,,12.0
6,Autazes,130030,AM,2.0,1.0,1.0,23.0,,1.0,,,23.0,1.0,,
7,Barcelos,130040,AM,125.0,78.0,278.0,243.0,24.0,32.0,9.0,105.0,5.0,3.0,1.0,9.0
8,Barreirinha,130050,AM,2.0,,,4.0,,,,,2.0,,,
9,Benjamin Constant,130060,AM,2.0,,,10.0,5.0,3.0,2.0,,20.0,12.0,1.0,396.0
10,Beruri,0,AM,,,2.0,2.0,,,,,23.0,11.0,,
11,Boa Vista do Ramos,0,AM,,,1.0,1.0,,,,,28.0,7.0,1.0,
12,Boca do Acre,130070,AM,14.0,50.0,22.0,175.0,11.0,178.0,8.0,6.0,5.0,1.0,,194.0
13,Borba,130080,AM,5.0,1.0,115.0,33.0,30.0,197.0,48.0,11.0,69.0,42.0,8.0,43.0
14,Caapiranga,130083,AM,3.0,,,,,,1.0,,,1.0,,
15,Canutama,0,AM,,,,3.0,,2.0,,,,1.0,,
16,Carauari,0,AM,,,,2.0,,,,,3.0,35.0,2.0,601.0
17,Careiro,130110,AM,25.0,4.0,90.0,211.0,16.0,142.0,6.0,2.0,16.0,,,
18,Careiro da Várzea,130115,AM,2.0,4.0,,7.0,3.0,4.0,,,,,,
19,Coari,130120,AM,443.0,241.0,698.0,293.0,28.0,915.0,507.0,1.0,112.0,243.0,15.0,2.0
20,Codajás,130130,AM,4.0,29.0,171.0,199.0,15.0,129.0,6.0,,,59.0,1.0,7.0
21,Eirunepé,130140,AM,1.0,,2.0,3.0,,1.0,,,,,,10.0
22,Envira,0,AM,,,1.0,2.0,,4.0,,,1.0,,1.0,
23,Fonte Boa,130160,AM,1.0,,,3.0,,,,1.0,1.0,,,
24,Guajará,0,AM,,,,7.0,,4.0,224.0,44.0,66.0,78.0,103.0,613.0
25,Humaitá,130170,AM,82.0,391.0,753.0,29.0,60.0,357.0,65.0,9.0,30.0,50.0,18.0,70.0
26,Ipixuna,0,AM,,,,2.0,,2.0,,,,,,22.0
27,Iranduba,130185,AM,6.0,1.0,6.0,90.0,,9.0,,,16.0,8.0,,1.0
28,Itacoatiara,130190,AM,331.0,,42.0,1080.0,9.0,96.0,466.0,126.0,115.0,24.0,356.0,35.0
29,Itamarati,0,AM,,,,3.0,1.0,,,,,,,
30,Itapiranga,0,AM,,,,,,,,,,,1.0,
31,Japurá,0,AM,,2.0,,19.0,2.0,2.0,,,14.0,2.0,,
32,Juruá,130220,AM,1.0,,,6.0,,,,,,,,
33,Jutaí,0,AM,,,,17.0,,,,,,,,
34,Lábrea,130240,AM,77.0,42.0,345.0,450.0,16.0,32.0,22.0,8.0,29.0,16.0,3.0,1.0
35,Manacapuru,130250,AM,16.0,1.0,42.0,1337.0,99.0,324.0,13.0,11.0,43.0,17.0,2.0,12.0
36,Manaquiri,130255,AM,5.0,,,27.0,,10.0,,,2.0,,,
37,Manaus,130260,AM,6077.0,628.0,3235.0,54734.0,3786.0,13681.0,2622.0,1623.0,5351.0,2552.0,1302.0,470.0
38,Manicoré,0,AM,,69.0,43.0,178.0,28.0,42.0,3.0,30.0,,,,
39,Maraã,0,AM,,,,34.0,1.0,,5.0,,2.0,,,
40,Maués,130290,AM,2.0,,161.0,58.0,3.0,88.0,3.0,158.0,152.0,45.0,15.0,4.0
41,Município ignorado - AM,0,AM,,,,1.0,,,,,,,,
42,Nhamundá,130300,AM,1.0,,,4.0,,,,,,,,
43,Nova Olinda do Norte,0,AM,,,200.0,217.0,,5.0,3.0,27.0,109.0,9.0,1.0,1.0
44,Novo Airão,130320,AM,10.0,,33.0,73.0,1.0,62.0,5.0,,73.0,12.0,,7.0
45,Novo Aripuanã,130330,AM,7.0,,253.0,281.0,20.0,124.0,57.0,259.0,304.0,36.0,16.0,14.0
46,Parintins,130340,AM,250.0,156.0,13.0,86.0,1.0,27.0,10.0,523.0,14.0,24.0,6.0,2.0
47,Pauini,0,AM,,1.0,,,,,,,,2.0,,1.0
48,Presidente Figueiredo,130353,AM,13.0,1.0,42.0,35.0,6.0,8.0,26.0,12.0,28.0,,3.0,48.0
49,Rio Preto da Eva,130356,AM,22.0,2.0,,21.0,,5.0,,,,,3.0,1.0
50,Santa Isabel do Rio Negro,0,AM,,,,,,2.0,,,,,,
51,Santo Antônio do Içá,0,AM,,,,1.0,,35.0,1.0,4.0,,,,1.0
52,Silves,0,AM,,,3.0,1.0,,,1.0,2.0,9.0,,,
53,São Gabriel da Cachoeira,130380,AM,2.0,,619.0,300.0,714.0,218.0,385.0,144.0,212.0,71.0,115.0,829.0
54,São Paulo de Olivença,0,AM,,,,,2.0,,,3.0,,,,5.0
55,São Sebastião do Uatumã,0,AM,,,,,,1.0,,,,,,
56,Tabatinga,130406,AM,8.0,,1.0,170.0,414.0,356.0,1098.0,316.0,343.0,114.0,17.0,383.0
57,Tapauá,0,AM,,,1.0,1.0,,4.0,1.0,125.0,84.0,98.0,38.0,15.0
58,Tefé,130420,AM,3.0,,297.0,1713.0,47.0,500.0,695.0,78.0,77.0,309.0,280.0,49.0
59,Uarini,130426,AM,1.0,,,2.0,,,,,,,,
60,Urucará,0,AM,,,1.0,,,,,,60.0,,,2.0
61,Urucurituba,130440,AM,1.0,,,9.0,,,,,50.0,2.0,5.0,
0,Afonso Cunha,210010,MA,33.0,36.0,6.0,16.0,2.0,4.0,,,,1.0,,
1,Alcântara,0,MA,,,,8.0,,2.0,4.0,,22.0,,,
2,Aldeias Altas,210030,MA,2.0,26.0,5.0,51.0,14.0,5.0,8.0,21.0,4.0,19.0,11.0,9.0
3,Altamira do Maranhão,210040,MA,54.0,1.0,,,,1.0,,,,,,
4,Alto Alegre do Maranhão,0,MA,,3.0,,2.0,1.0,,,2.0,,1.0,,54.0
5,Alto Alegre do Pindaré,210047,MA,6.0,12.0,12.0,49.0,8.0,5.0,7.0,9.0,5.0,13.0,34.0,6.0
6,Alto Parnaíba,210050,MA,18.0,2.0,38.0,5.0,81.0,26.0,9.0,9.0,33.0,26.0,27.0,7.0
7,Amapá do Maranhão,210055,MA,1.0,1.0,1.0,3.0,2.0,1.0,,4.0,,,,
8,Amarante do Maranhão,210060,MA,42.0,2.0,17.0,42.0,3.0,2.0,10.0,45.0,30.0,85.0,2.0,50.0
9,Anajatuba,210070,MA,4.0,2.0,1.0,1.0,,1.0,,,2.0,,1.0,
10,Anapurus,0,MA,,1.0,,27.0,13.0,,,5.0,,48.0,60.0,64.0
11,Apicum-Açu,210083,MA,6.0,2.0,5.0,92.0,28.0,5.0,21.0,,,,2.0,
12,Araguanã,0,MA,,1.0,,,9.0,2.0,1.0,1.0,92.0,,,
13,Araioses,210090,MA,19.0,,,4.0,71.0,6.0,,55.0,7.0,46.0,,4.0
14,Arame,210095,MA,24.0,4.0,7.0,22.0,19.0,10.0,23.0,12.0,76.0,8.0,14.0,4.0
15,Arari,210100,MA,1.0,,,3.0,1.0,2.0,,4.0,,,,1.0
16,Axixá,210110,MA,4.0,1.0,2.0,,,2.0,,16.0,28.0,,,2.0
17,Açailândia,210005,MA,77.0,34.0,18.0,57.0,9.0,16.0,22.0,27.0,11.0,4.0,,1.0
18,Bacabal,210120,MA,11.0,5.0,6.0,120.0,88.0,8.0,6.0,52.0,203.0,46.0,1.0,5.0
19,Bacabeira,210125,MA,4.0,,4.0,4.0,10.0,,6.0,13.0,13.0,8.0,3.0,23.0
20,Bacuri,210130,MA,8.0,,4.0,7.0,1.0,,,,1.0,,1.0,
21,Bacurituba,0,MA,,,1.0,,,,,,,,,
22,Balsas,210140,MA,53.0,41.0,88.0,75.0,47.0,16.0,13.0,56.0,1448.0,1125.0,16.0,224.0
23,Barra do Corda,210160,MA,217.0,63.0,10.0,102.0,135.0,251.0,75.0,518.0,6352.0,2076.0,399.0,528.0
24,Barreirinhas,210170,MA,1.0,4.0,9.0,13.0,5.0,3.0,3.0,2.0,1.0,,1.0,
25,Barão de Grajaú,210150,MA,3.0,34.0,206.0,30.0,37.0,25.0,2.0,3.0,13.0,10.0,,14.0
26,Bela Vista do Maranhão,0,MA,,1.0,,,2.0,2.0,,8.0,1.0,,,
27,Belágua,210173,MA,1.0,,,1.0,1.0,1.0,,,5.0,,,
28,Benedito Leite,0,MA,,,,,,,,,,3.0,1.0,9.0
29,Bequimão,210190,MA,11.0,1.0,41.0,78.0,26.0,24.0,8.0,154.0,140.0,81.0,1.0,
30,Bernardo do Mearim,210193,MA,2.0,3.0,1.0,3.0,2.0,,,,4.0,,,
31,Boa Vista do Gurupi,210197,MA,8.0,12.0,16.0,,3.0,,,,,,,
32,Bom Jardim,210200,MA,22.0,6.0,76.0,27.0,102.0,35.0,41.0,6.0,135.0,21.0,5.0,2.0
33,Bom Jesus das Selvas,210203,MA,24.0,9.0,,17.0,5.0,1.0,27.0,7.0,516.0,,,
34,Bom Lugar,0,MA,,,,1.0,1.0,4.0,,10.0,,3.0,,
35,Brejo,210210,MA,1.0,3.0,2.0,112.0,65.0,2.0,2.0,35.0,22.0,13.0,,
36,Brejo de Areia,0,MA,,2.0,,,,,,1.0,2.0,3.0,,
37,Buriti,210220,MA,4.0,4.0,1.0,10.0,,,,,,2.0,1.0,5.0
38,Buriti Bravo,210230,MA,23.0,96.0,7.0,16.0,12.0,3.0,3.0,77.0,209.0,1.0,2.0,
39,Buriticupu,210232,MA,2.0,6.0,,18.0,1.0,24.0,38.0,211.0,14.0,,4.0,
40,Buritirana,210235,MA,3.0,1.0,,3.0,2.0,8.0,4.0,1.0,10.0,4.0,2.0,3.0
41,Cachoeira Grande,210237,MA,22.0,5.0,3.0,16.0,1.0,,,,1.0,,,
42,Cajapió,210240,MA,1.0,,1.0,,,1.0,,,,,,
43,Cajari,210250,MA,5.0,1.0,,11.0,,,,,,,,
44,Campestre do Maranhão,210255,MA,14.0,4.0,16.0,8.0,3.0,11.0,3.0,327.0,145.0,155.0,8.0,135.0
45,Cantanhede,210270,MA,30.0,,,1.0,4.0,2.0,6.0,23.0,61.0,,,1.0
46,Capinzal do Norte,210275,MA,1.0,15.0,,,16.0,13.0,1.0,2.0,,,1.0,14.0
47,Carolina,210280,MA,83.0,20.0,11.0,27.0,21.0,92.0,55.0,34.0,85.0,24.0,14.0,11.0
48,Carutapera,0,MA,,10.0,,30.0,69.0,10.0,3.0,,,,,15.0
49,Caxias,210300,MA,89.0,91.0,46.0,333.0,249.0,41.0,96.0,247.0,539.0,320.0,185.0,188.0
50,Cedral,210310,MA,5.0,,37.0,,,,,,,,,
51,Central do Maranhão,210312,MA,1.0,,17.0,18.0,,,,,,,,
52,Centro Novo do Maranhão,0,MA,,,,,17.0,,,1.0,,,,1.0
53,Centro do Guilherme,210315,MA,2.0,,1.0,9.0,,,,,1.0,,,
54,Chapadinha,210320,MA,21.0,15.0,12.0,37.0,59.0,7.0,1.0,215.0,693.0,76.0,26.0,22.0
55,Cidelândia,210325,MA,65.0,8.0,4.0,13.0,8.0,,11.0,9.0,10.0,18.0,2.0,24.0
56,Codó,210330,MA,7.0,7.0,3.0,7.0,10.0,11.0,4.0,19.0,6.0,7.0,,7.0
57,Coelho Neto,210340,MA,14.0,1.0,1.0,40.0,44.0,3.0,8.0,2.0,159.0,,,4.0
58,Colinas,210350,MA,9.0,17.0,2.0,1.0,13.0,11.0,9.0,4.0,13.0,2.0,,157.0
59,Conceição do Lago-Açu,0,MA,,1.0,,84.0,,,,1.0,,,,
60,Coroatá,210360,MA,20.0,25.0,9.0,81.0,20.0,,3.0,1.0,15.0,14.0,9.0,4.0
61,Cururupu,210370,MA,5.0,,81.0,43.0,8.0,5.0,34.0,156.0,446.0,22.0,1.0,3.0
62,Cândido Mendes,210260,MA,2.0,,1.0,1.0,10.0,34.0,18.0,1.0,,,,
63,Davinópolis,210375,MA,10.0,3.0,4.0,24.0,18.0,13.0,,,6.0,,,
64,Dom Pedro,210380,MA,10.0,,1.0,38.0,63.0,4.0,1.0,20.0,1.0,4.0,,32.0
65,Duque Bacelar,210390,MA,6.0,9.0,12.0,25.0,9.0,1.0,2.0,,5.0,,1.0,10.0
66,Esperantinópolis,210400,MA,4.0,24.0,3.0,3.0,5.0,,4.0,,28.0,3.0,2.0,3.0
67,Estreito,210405,MA,161.0,8.0,9.0,41.0,61.0,17.0,16.0,3.0,6.0,68.0,10.0,30.0
68,Feira Nova do Maranhão,210407,MA,20.0,,20.0,15.0,47.0,24.0,,10.0,18.0,26.0,1.0,160.0
69,Fernando Falcão,210408,MA,1.0,,,2.0,,3.0,,18.0,17.0,8.0,1.0,1.0
70,Formosa da Serra Negra,210409,MA,55.0,6.0,1.0,13.0,4.0,64.0,5.0,7.0,14.0,17.0,3.0,138.0
71,Fortaleza dos Nogueiras,210410,MA,11.0,3.0,1.0,23.0,2.0,3.0,1.0,2.0,104.0,159.0,8.0,22.0
72,Fortuna,0,MA,,2.0,,17.0,22.0,3.0,,28.0,200.0,46.0,1.0,43.0
73,Godofredo Viana,0,MA,,,,5.0,3.0,44.0,8.0,,,,,1.0
74,Gonçalves Dias,210440,MA,17.0,20.0,1.0,6.0,20.0,,,,1.0,,,8.0
75,Governador Archer,210450,MA,15.0,3.0,,12.0,62.0,16.0,17.0,28.0,46.0,2.0,2.0,
76,Governador Edison Lobão,210455,MA,11.0,7.0,2.0,19.0,5.0,21.0,11.0,20.0,37.0,29.0,34.0,100.0
77,Governador Eugênio Barros,210460,MA,10.0,13.0,,3.0,30.0,8.0,,,,,,
78,Governador Luiz Rocha,210462,MA,5.0,14.0,,22.0,1.0,,,,,15.0,5.0,1.0
79,Governador Newton Bello,210465,MA,1.0,,,1.0,6.0,6.0,4.0,,1.0,,4.0,3.0
80,Governador Nunes Freire,210467,MA,27.0,1.0,3.0,9.0,4.0,3.0,,,410.0,7.0,9.0,
81,Grajaú,210480,MA,35.0,5.0,49.0,66.0,21.0,61.0,4.0,24.0,90.0,7.0,3.0,6.0
82,Graça Aranha,210470,MA,25.0,,,2.0,12.0,10.0,,,,,,
83,Guimarães,210490,MA,8.0,1.0,,1.0,,4.0,,6.0,,,,
84,Humberto de Campos,210500,MA,5.0,17.0,5.0,9.0,29.0,32.0,4.0,9.0,25.0,7.0,6.0,4.0
85,Icatu,0,MA,,2.0,1.0,2.0,1.0,12.0,,,,,,
86,Igarapé Grande,210520,MA,2.0,1.0,,2.0,1.0,36.0,,,,,3.0,56.0
87,Igarapé do Meio,0,MA,,3.0,,,,72.0,1.0,28.0,5.0,20.0,2.0,3.0
88,Imperatriz,210530,MA,1028.0,262.0,138.0,745.0,250.0,232.0,147.0,227.0,668.0,236.0,44.0,164.0
89,Itaipava do Grajaú,210535,MA,2.0,1.0,3.0,3.0,,36.0,8.0,8.0,191.0,1.0,,5.0
90,Itapecuru Mirim,210540,MA,3.0,1.0,2.0,87.0,22.0,5.0,,20.0,9.0,1.0,30.0,56.0
91,Itinga do Maranhão,210542,MA,9.0,36.0,,17.0,1.0,,36.0,,73.0,40.0,5.0,18.0
92,Jatobá,210545,MA,16.0,,1.0,2.0,,5.0,,,,,,3.0
93,Jenipapo dos Vieiras,210547,MA,1.0,2.0,7.0,67.0,11.0,,,,37.0,41.0,,17.0
94,Joselândia,210560,MA,30.0,32.0,14.0,19.0,22.0,5.0,,,,,,8.0
95,João Lisboa,210550,MA,18.0,4.0,3.0,43.0,19.0,11.0,1.0,16.0,217.0,12.0,,6.0
96,Junco do Maranhão,210565,MA,1.0,3.0,3.0,62.0,10.0,1.0,3.0,6.0,1.0,,,
97,Lago Verde,210590,MA,3.0,1.0,4.0,1.0,3.0,,18.0,2.0,32.0,,,
98,Lago da Pedra,210570,MA,94.0,138.0,78.0,17.0,,22.0,12.0,17.0,18.0,24.0,2.0,13.0
99,Lago do Junco,210580,MA,16.0,30.0,10.0,13.0,2.0,3.0,,,,,,13.0
100,Lago dos Rodrigues,0,MA,,,38.0,40.0,1.0,,1.0,2.0,14.0,,,
101,Lagoa Grande do Maranhão,210596,MA,111.0,14.0,25.0,1.0,,8.0,2.0,,96.0,3.0,16.0,43.0
102,Lagoa do Mato,0,MA,,,,,1.0,5.0,3.0,4.0,3.0,6.0,1.0,
103,Lajeado Novo,210598,MA,35.0,13.0,25.0,4.0,7.0,5.0,10.0,25.0,6.0,,1.0,6.0
104,Lima Campos,210600,MA,1.0,3.0,1.0,17.0,4.0,,,1.0,1.0,,,2.0
105,Loreto,0,MA,,10.0,,,,,,2.0,3.0,41.0,,
106,Luís Domingues,210620,MA,9.0,,,5.0,19.0,,,,,,,
107,Magalhães de Almeida,210630,MA,10.0,4.0,,,,,,,1.0,,,3.0
108,Maracaçumé,210632,MA,5.0,,,3.0,,11.0,6.0,12.0,106.0,,84.0,21.0
109,Marajá do Sena,210635,MA,1.0,,,,,,,,,,,
110,Maranhãozinho,210637,MA,3.0,,178.0,,22.0,2.0,,,27.0,1.0,,
111,Mata Roma,0,MA,,,2.0,13.0,1.0,1.0,,,,1.0,,16.0
112,Matinha,0,MA,,,2.0,2.0,,1.0,1.0,2.0,,,,
113,Matões,210660,MA,99.0,10.0,6.0,21.0,29.0,16.0,7.0,27.0,24.0,69.0,1.0,26.0
114,Matões do Norte,210663,MA,36.0,,,,,,,4.0,20.0,,1.0,
115,Milagres do Maranhão,210667,MA,2.0,2.0,1.0,16.0,2.0,,1.0,2.0,,,,
116,Mirador,210670,MA,17.0,12.0,3.0,4.0,1.0,3.0,,10.0,1.0,,,
117,Miranda do Norte,210675,MA,18.0,13.0,2.0,9.0,1.0,5.0,3.0,16.0,412.0,1.0,19.0,
118,Mirinzal,0,MA,,,3.0,8.0,21.0,,5.0,7.0,,,,
119,Montes Altos,210700,MA,17.0,5.0,8.0,19.0,23.0,6.0,4.0,,2.0,16.0,5.0,22.0
120,Monção,210690,MA,5.0,2.0,,3.0,,1.0,1.0,1.0,19.0,1.0,,1.0
121,Morros,210710,MA,67.0,35.0,4.0,,15.0,5.0,1.0,1.0,6.0,8.0,,
122,Nina Rodrigues,210720,MA,32.0,1.0,71.0,42.0,4.0,13.0,,4.0,44.0,,10.0,
123,Nova Colinas,210725,MA,7.0,3.0,2.0,,,,,,5.0,11.0,1.0,8.0
124,Nova Iorque,210730,MA,1.0,,20.0,2.0,8.0,4.0,,5.0,8.0,5.0,6.0,3.0
125,Nova Olinda do Maranhão,210735,MA,53.0,,1.0,11.0,1.0,1.0,29.0,108.0,156.0,,,
126,Olho d'Água das Cunhãs,210740,MA,1.0,1.0,,5.0,13.0,,,,,,,34.0
127,Olinda Nova do Maranhão,0,MA,,,,,,1.0,8.0,,,,,
128,Palmeirândia,0,MA,,,,2.0,1.0,,,,,,,
129,Paraibano,210770,MA,4.0,52.0,36.0,87.0,45.0,26.0,3.0,94.0,114.0,60.0,3.0,63.0
130,Parnarama,210780,MA,51.0,14.0,15.0,6.0,43.0,18.0,2.0,17.0,69.0,,,
131,Passagem Franca,0,MA,,,2.0,1.0,2.0,1.0,,3.0,1.0,14.0,,1.0
132,Pastos Bons,210800,MA,11.0,3.0,2.0,9.0,1.0,8.0,,20.0,6.0,6.0,,1.0
133,Paulino Neves,210805,MA,1.0,,3.0,11.0,,2.0,4.0,11.0,5.0,,,3.0
134,Paulo Ramos,0,MA,,1.0,,1.0,,9.0,1.0,,,,1.0,7.0
135,Paço do Lumiar,210750,MA,58.0,14.0,51.0,161.0,33.0,86.0,40.0,28.0,34.0,19.0,3.0,18.0
136,Pedreiras,210820,MA,90.0,115.0,250.0,102.0,298.0,53.0,28.0,41.0,15.0,5.0,6.0,4.0
137,Pedro do Rosário,0,MA,,,1.0,,,1.0,,11.0,,,,1.0
138,Penalva,210830,MA,32.0,,,3.0,11.0,3.0,,,,,,
139,Peri Mirim,210840,MA,1.0,,,1.0,,5.0,26.0,53.0,6.0,,,
140,Peritoró,210845,MA,1.0,5.0,,3.0,1.0,1.0,,14.0,12.0,5.0,,14.0
141,Pindaré-Mirim,210850,MA,36.0,9.0,6.0,5.0,10.0,14.0,6.0,5.0,11.0,63.0,,1.0
142,Pinheiro,210860,MA,2.0,,41.0,22.0,5.0,3.0,152.0,269.0,3.0,3.0,4.0,10.0
143,Pio XII,210870,MA,25.0,20.0,9.0,92.0,28.0,4.0,4.0,14.0,6.0,5.0,2.0,11.0
144,Pirapemas,210880,MA,6.0,7.0,1.0,2.0,,3.0,,15.0,8.0,,2.0,2.0
145,Porto Franco,210900,MA,65.0,14.0,6.0,9.0,33.0,7.0,2.0,22.0,22.0,2.0,3.0,7.0
146,Porto Rico do Maranhão,210905,MA,2.0,,6.0,,7.0,17.0,,4.0,15.0,1.0,,
147,Poção de Pedras,210890,MA,6.0,8.0,,19.0,11.0,3.0,,3.0,13.0,,,47.0
148,Presidente Dutra,210910,MA,41.0,17.0,5.0,86.0,15.0,6.0,5.0,52.0,95.0,9.0,2.0,77.0
149,Presidente Juscelino,210920,MA,45.0,1.0,2.0,2.0,2.0,,4.0,3.0,5.0,,,
150,Presidente Médici,210923,MA,3.0,,,36.0,4.0,4.0,,73.0,,,,
151,Presidente Sarney,0,MA,,2.0,1.0,,,,4.0,7.0,1.0,,86.0,98.0
152,Presidente Vargas,210930,MA,2.0,2.0,1.0,5.0,,3.0,2.0,15.0,7.0,2.0,2.0,
153,Primeira Cruz,210940,MA,2.0,2.0,21.0,32.0,10.0,1.0,3.0,6.0,161.0,,,
154,Raposa,210945,MA,4.0,3.0,11.0,9.0,8.0,7.0,1.0,,,,,
155,Riachão,210950,MA,25.0,4.0,3.0,36.0,63.0,35.0,2.0,11.0,96.0,31.0,8.0,9.0
156,Ribamar Fiquene,210955,MA,10.0,,4.0,2.0,,2.0,,,1.0,,,1.0
157,Rosário,210960,MA,11.0,1.0,3.0,12.0,3.0,18.0,26.0,115.0,212.0,4.0,2.0,
158,Sambaíba,210970,MA,2.0,3.0,1.0,,,,,,,13.0,,1.0
159,Santa Filomena do Maranhão,210975,MA,41.0,35.0,2.0,18.0,,5.0,,,12.0,,,38.0
160,Santa Helena,210980,MA,2.0,1.0,119.0,59.0,198.0,9.0,35.0,80.0,1.0,,4.0,7.0
161,Santa Inês,210990,MA,11.0,23.0,20.0,55.0,46.0,21.0,8.0,27.0,14.0,27.0,15.0,36.0
162,Santa Luzia,211000,MA,4.0,27.0,17.0,22.0,16.0,7.0,6.0,18.0,14.0,,4.0,2.0
163,Santa Luzia do Paruá,211003,MA,21.0,8.0,9.0,50.0,45.0,11.0,10.0,13.0,,5.0,,68.0
164,Santa Quitéria do Maranhão,211010,MA,42.0,19.0,19.0,4.0,13.0,1.0,,,17.0,,,
165,Santa Rita,211020,MA,9.0,2.0,2.0,10.0,11.0,,,1.0,13.0,2.0,6.0,
166,Santana do Maranhão,0,MA,,,,,,,,,,1.0,,
167,Santo Amaro do Maranhão,211027,MA,1.0,,,,2.0,2.0,,,,,,
168,Santo Antônio dos Lopes,211030,MA,2.0,20.0,,1.0,21.0,2.0,,,,,,
169,Satubinha,0,MA,,,,,,,,2.0,7.0,1.0,,4.0
170,Senador Alexandre Costa,211174,MA,6.0,2.0,,3.0,9.0,4.0,,71.0,32.0,,2.0,
171,Senador La Rocque,211176,MA,8.0,5.0,4.0,11.0,2.0,4.0,,,27.0,1.0,4.0,20.0
172,Serrano do Maranhão,0,MA,,,3.0,,,,,,,,,
173,Sucupira do Norte,211190,MA,5.0,,,6.0,2.0,1.0,,,,,,
174,Sucupira do Riachão,211195,MA,2.0,3.0,26.0,1.0,23.0,21.0,,,,,,4.0
175,São Benedito do Rio Preto,211040,MA,1.0,,2.0,,,1.0,,26.0,1.0,,,2.0
176,São Bento,211050,MA,1.0,,1.0,2.0,,,,4.0,6.0,,,
177,São Bernardo,211060,MA,8.0,9.0,,18.0,22.0,7.0,43.0,3.0,1.0,1.0,,1.0
178,São Domingos do Azeitão,211065,MA,8.0,,6.0,5.0,,,,,,12.0,,
179,São Domingos do Maranhão,211070,MA,28.0,7.0,,27.0,12.0,14.0,24.0,24.0,21.0,,,14.0
180,São Francisco do Brejão,211085,MA,23.0,8.0,6.0,38.0,11.0,5.0,4.0,9.0,55.0,30.0,4.0,11.0
181,São Francisco do Maranhão,211090,MA,10.0,31.0,2.0,6.0,6.0,5.0,2.0,,,,3.0,75.0
182,São Félix de Balsas,211080,MA,1.0,,,1.0,16.0,,,,,71.0,1.0,
183,São José de Ribamar,211120,MA,47.0,6.0,169.0,289.0,68.0,60.0,8.0,28.0,296.0,28.0,5.0,17.0
184,São José dos Basílios,211125,MA,12.0,7.0,4.0,,3.0,5.0,,3.0,32.0,14.0,,59.0
185,São João Batista,211100,MA,1.0,,1.0,2.0,,,,,1.0,,,
186,São João do Carú,211102,MA,4.0,,,,1.0,1.0,,,,,,
187,São João do Paraíso,211105,MA,15.0,2.0,1.0,40.0,7.0,10.0,10.0,14.0,59.0,9.0,3.0,44.0
188,São João do Soter,211107,MA,3.0,,1.0,6.0,12.0,15.0,4.0,1.0,3.0,,2.0,
189,São João dos Patos,211110,MA,12.0,45.0,17.0,16.0,7.0,65.0,,10.0,1.0,20.0,,25.0
190,São Luís,211130,MA,1114.0,66.0,2545.0,4823.0,1202.0,1065.0,1025.0,2898.0,5574.0,1258.0,764.0,1389.0
191,São Luís Gonzaga do Maranhão,211140,MA,15.0,,2.0,,3.0,2.0,,,,8.0,9.0,15.0
192,São Mateus do Maranhão,211150,MA,2.0,1.0,2.0,14.0,1.0,,1.0,26.0,60.0,,,34.0
193,São Pedro da Água Branca,211153,MA,3.0,8.0,4.0,9.0,4.0,9.0,1.0,,285.0,,,43.0
194,São Pedro dos Crentes,0,MA,,,91.0,21.0,4.0,42.0,,10.0,9.0,11.0,8.0,361.0
195,São Raimundo das Mangabeiras,0,MA,,,,1.0,,1.0,,13.0,42.0,81.0,2.0,22.0
196,São Raimundo do Doca Bezerra,0,MA,,4.0,,,,2.0,,,184.0,,,1.0
197,São Roberto,211167,MA,1.0,6.0,2.0,1.0,1.0,,,,9.0,,1.0,8.0
198,São Vicente Ferrer,0,MA,,,,3.0,,,3.0,,,,,
199,Sítio Novo,211180,MA,2.0,1.0,1.0,6.0,13.0,16.0,37.0,6.0,2.0,,8.0,76.0
200,Tasso Fragoso,211200,MA,12.0,8.0,50.0,33.0,6.0,1.0,4.0,46.0,104.0,30.0,4.0,3.0
201,Timbiras,211210,MA,2.0,5.0,,,2.0,14.0,2.0,6.0,1.0,,,
202,Timon,211220,MA,146.0,85.0,197.0,54.0,165.0,27.0,9.0,108.0,72.0,29.0,4.0,9.0
203,Trizidela do Vale,211223,MA,10.0,32.0,31.0,29.0,73.0,19.0,10.0,1.0,30.0,3.0,5.0,
204,Tufilândia,211227,MA,3.0,,,5.0,29.0,,,,,,,1.0
205,Tuntum,211230,MA,45.0,35.0,14.0,57.0,32.0,15.0,14.0,78.0,47.0,,1.0,55.0
206,Turiaçu,211240,MA,12.0,,20.0,2.0,70.0,2.0,3.0,,81.0,29.0,,
207,Turilândia,211245,MA,2.0,,5.0,1.0,13.0,2.0,62.0,136.0,17.0,7.0,10.0,25.0
208,Tutóia,211250,MA,9.0,3.0,30.0,89.0,21.0,1.0,5.0,11.0,16.0,1.0,5.0,6.0
209,Urbano Santos,211260,MA,36.0,1.0,1.0,1.0,24.0,28.0,,22.0,187.0,,,13.0
210,Vargem Grande,211270,MA,7.0,6.0,33.0,64.0,150.0,12.0,14.0,70.0,103.0,9.0,3.0,2.0
211,Viana,211280,MA,10.0,,5.0,9.0,,4.0,5.0,11.0,6.0,4.0,2.0,8.0
212,Vila Nova dos Martírios,211285,MA,1.0,,11.0,48.0,9.0,42.0,5.0,,67.0,17.0,3.0,10.0
213,Vitorino Freire,211300,MA,17.0,5.0,55.0,52.0,21.0,4.0,1.0,2.0,37.0,1.0,1.0,2.0
214,Vitória do Mearim,211290,MA,3.0,,1.0,2.0,,2.0,,,6.0,,,
215,Zé Doca,211400,MA,24.0,38.0,9.0,101.0,27.0,23.0,24.0,149.0,575.0,4.0,2.0,27.0
216,Água Doce do Maranhão,210015,MA,11.0,1.0,,14.0,17.0,,,,,,,
0,Acorizal,510010,MT,3.0,40.0,41.0,5.0,21.0,18.0,5.0,33.0,25.0,25.0,,
1,Alta Floresta,510025,MT,275.0,252.0,158.0,59.0,362.0,1426.0,630.0,767.0,1899.0,443.0,134.0,133.0
2,Alto Araguaia,510030,MT,10.0,35.0,247.0,2.0,1.0,58.0,3.0,129.0,169.0,17.0,124.0,466.0
3,Alto Boa Vista,510035,MT,348.0,41.0,17.0,,21.0,23.0,3.0,4.0,27.0,1.0,27.0,15.0
4,Alto Garças,510040,MT,10.0,96.0,44.0,,18.0,92.0,,54.0,34.0,5.0,,30.0
5,Alto Paraguai,510050,MT,1.0,39.0,244.0,35.0,40.0,65.0,7.0,5.0,17.0,3.0,2.0,1.0
6,Alto Taquari,0,MT,,,71.0,2.0,3.0,66.0,5.0,116.0,24.0,3.0,6.0,158.0
7,Apiacás,510080,MT,1.0,,4.0,1.0,3.0,10.0,2.0,1.0,6.0,,,
8,Araguaiana,510100,MT,51.0,20.0,100.0,19.0,101.0,47.0,2.0,3.0,10.0,8.0,5.0,61.0
9,Araguainha,0,MT,,,3.0,2.0,1.0,,,7.0,14.0,4.0,,33.0
10,Araputanga,510125,MT,4.0,405.0,441.0,30.0,368.0,93.0,43.0,93.0,47.0,33.0,10.0,17.0
11,Arenápolis,510130,MT,13.0,170.0,48.0,10.0,134.0,23.0,4.0,36.0,20.0,15.0,87.0,13.0
12,Aripuanã,510140,MT,134.0,1496.0,402.0,188.0,394.0,126.0,60.0,432.0,537.0,75.0,25.0,57.0
13,Barra do Bugres,510170,MT,30.0,275.0,123.0,29.0,114.0,228.0,5.0,17.0,17.0,11.0,57.0,53.0
14,Barra do Garças,510180,MT,841.0,2613.0,2790.0,252.0,371.0,992.0,49.0,264.0,453.0,22.0,191.0,162.0
15,Barão de Melgaço,510160,MT,5.0,22.0,,16.0,5.0,3.0,,,,,,3.0
16,Bom Jesus do Araguaia,510185,MT,3.0,1.0,24.0,1.0,1.0,31.0,31.0,24.0,121.0,,223.0,115.0
17,Brasnorte,510190,MT,117.0,35.0,21.0,16.0,36.0,98.0,16.0,65.0,30.0,17.0,19.0,4.0
18,Campinápolis,510260,MT,3.0,31.0,84.0,3.0,94.0,20.0,2.0,27.0,20.0,2.0,3.0,42.0
19,Campo Novo do Parecis,510263,MT,99.0,580.0,284.0,18.0,124.0,1197.0,12.0,848.0,76.0,25.0,56.0,27.0
20,Campo Verde,510267,MT,14.0,176.0,319.0,45.0,309.0,554.0,44.0,382.0,428.0,46.0,27.0,104.0
21,Campos de Júlio,510268,MT,15.0,26.0,65.0,7.0,318.0,158.0,77.0,29.0,70.0,9.0,60.0,44.0
22,Canabrava do Norte,0,MT,,,2.0,,4.0,34.0,20.0,7.0,67.0,2.0,,94.0
23,Canarana,510270,MT,13.0,326.0,147.0,28.0,107.0,201.0,7.0,274.0,363.0,21.0,73.0,233.0
24,Carlinda,510279,MT,82.0,15.0,45.0,1.0,145.0,124.0,34.0,85.0,129.0,15.0,7.0,5.0
25,Castanheira,510285,MT,1.0,39.0,192.0,7.0,253.0,64.0,25.0,90.0,48.0,10.0,,
26,Chapada dos Guimarães,510300,MT,7.0,93.0,28.0,34.0,87.0,24.0,7.0,52.0,18.0,2.0,17.0,13.0
27,Cláudia,510305,MT,38.0,83.0,100.0,56.0,168.0,89.0,16.0,57.0,14.0,11.0,9.0,113.0
28,Cocalinho,0,MT,,1.0,6.0,,1.0,,1.0,192.0,38.0,64.0,67.0,345.0
29,Colniza,510325,MT,12.0,237.0,596.0,58.0,19.0,170.0,221.0,868.0,699.0,185.0,84.0,491.0
30,Colíder,510320,MT,323.0,2262.0,212.0,84.0,71.0,447.0,69.0,162.0,660.0,46.0,4.0,69.0
31,Comodoro,510330,MT,62.0,136.0,182.0,52.0,340.0,356.0,108.0,92.0,118.0,33.0,12.0,148.0
32,Confresa,510335,MT,166.0,171.0,37.0,46.0,312.0,294.0,46.0,39.0,102.0,9.0,225.0,656.0
33,Conquista D'Oeste,510336,MT,7.0,120.0,24.0,7.0,85.0,4.0,4.0,,,,1.0,1.0
34,Cotriguaçu,510337,MT,35.0,4.0,138.0,1.0,9.0,30.0,19.0,59.0,159.0,18.0,8.0,39.0
35,Cuiabá,510340,MT,515.0,11979.0,4419.0,957.0,8557.0,3593.0,1672.0,4222.0,2122.0,3781.0,1671.0,518.0
36,Curvelândia,510343,MT,1.0,48.0,68.0,,34.0,15.0,2.0,4.0,1.0,,,1.0
37,Cáceres,510250,MT,21.0,2881.0,1167.0,10.0,381.0,582.0,79.0,78.0,35.0,77.0,138.0,78.0
38,Denise,510345,MT,1.0,101.0,18.0,1.0,11.0,3.0,,,,,,
39,Diamantino,510350,MT,66.0,623.0,338.0,37.0,263.0,135.0,,6.0,3.0,11.0,11.0,89.0
40,Dom Aquino,510360,MT,2.0,6.0,56.0,1.0,21.0,36.0,8.0,13.0,9.0,4.0,3.0,7.0
41,Feliz Natal,510370,MT,9.0,40.0,122.0,2.0,139.0,153.0,26.0,80.0,71.0,7.0,12.0,19.0
42,Figueirópolis D'Oeste,510380,MT,2.0,128.0,57.0,,109.0,11.0,2.0,9.0,1.0,2.0,,
43,Gaúcha do Norte,510385,MT,19.0,88.0,19.0,5.0,26.0,189.0,8.0,43.0,22.0,11.0,110.0,16.0
44,General Carneiro,510390,MT,21.0,50.0,149.0,62.0,1.0,15.0,3.0,9.0,62.0,13.0,5.0,27.0
45,Glória D'Oeste,0,MT,,24.0,3.0,1.0,49.0,13.0,1.0,17.0,9.0,,2.0,3.0
46,Guarantã do Norte,510410,MT,42.0,150.0,573.0,98.0,265.0,738.0,8.0,252.0,754.0,39.0,5.0,356.0
47,Guiratinga,510420,MT,5.0,33.0,84.0,12.0,2.0,1.0,13.0,42.0,21.0,7.0,1.0,22.0
48,Indiavaí,510450,MT,2.0,194.0,60.0,3.0,107.0,14.0,9.0,5.0,2.0,1.0,,1.0
49,Ipiranga do Norte,510452,MT,4.0,22.0,59.0,6.0,153.0,68.0,4.0,12.0,110.0,4.0,,72.0
50,Itanhangá,510454,MT,6.0,248.0,61.0,46.0,56.0,77.0,14.0,72.0,69.0,17.0,3.0,9.0
51,Itaúba,510455,MT,22.0,204.0,233.0,6.0,47.0,169.0,42.0,137.0,113.0,7.0,2.0,17.0
52,Itiquira,0,MT,,6.0,220.0,2.0,7.0,69.0,,26.0,181.0,2.0,1.0,194.0
53,Jaciara,510480,MT,5.0,408.0,401.0,6.0,287.0,423.0,37.0,170.0,399.0,31.0,22.0,31.0
54,Jangada,510490,MT,2.0,64.0,23.0,6.0,27.0,33.0,4.0,,,32.0,12.0,3.0
55,Jauru,510500,MT,35.0,228.0,310.0,79.0,88.0,126.0,16.0,30.0,25.0,3.0,1.0,
56,Juara,510510,MT,9.0,39.0,547.0,196.0,429.0,99.0,53.0,360.0,546.0,59.0,31.0,55.0
57,Juruena,510517,MT,5.0,238.0,318.0,9.0,36.0,64.0,3.0,50.0,54.0,1.0,1.0,
58,Juscimeira,510520,MT,5.0,166.0,150.0,4.0,72.0,53.0,2.0,13.0,35.0,76.0,4.0,2.0
59,Juína,510515,MT,37.0,500.0,1053.0,109.0,160.0,743.0,109.0,127.0,727.0,92.0,10.0,22.0
60,Lambari D'Oeste,0,MT,,47.0,32.0,1.0,60.0,14.0,2.0,5.0,,1.0,,5.0
61,Lucas do Rio Verde,510525,MT,160.0,521.0,320.0,44.0,569.0,791.0,27.0,195.0,124.0,26.0,31.0,253.0
62,Luciara,510530,MT,1.0,2.0,2.0,,1.0,7.0,,,,,,
63,Marcelândia,510558,MT,346.0,40.0,225.0,5.0,10.0,585.0,44.0,124.0,215.0,15.0,5.0,6.0
64,Matupá,510560,MT,213.0,196.0,257.0,32.0,106.0,331.0,52.0,609.0,328.0,96.0,45.0,61.0
65,Mirassol d'Oeste,510562,MT,2.0,181.0,342.0,7.0,87.0,399.0,6.0,224.0,104.0,8.0,75.0,28.0
66,Município ignorado - MT,0,MT,,2.0,,,,,,,,,,
67,Nobres,510590,MT,6.0,249.0,67.0,6.0,36.0,24.0,8.0,22.0,4.0,3.0,8.0,14.0
68,Nortelândia,510600,MT,2.0,255.0,48.0,9.0,161.0,21.0,1.0,14.0,31.0,5.0,39.0,28.0
69,Nossa Senhora do Livramento,510610,MT,3.0,268.0,101.0,2.0,175.0,8.0,15.0,14.0,1.0,12.0,7.0,4.0
70,Nova Bandeirantes,510615,MT,20.0,16.0,232.0,30.0,56.0,225.0,17.0,4.0,14.0,8.0,3.0,1.0
71,Nova Brasilândia,510620,MT,2.0,234.0,289.0,108.0,90.0,18.0,7.0,27.0,10.0,7.0,14.0,3.0
72,Nova Canaã do Norte,510621,MT,235.0,87.0,74.0,1.0,17.0,465.0,26.0,34.0,114.0,4.0,16.0,87.0
73,Nova Guarita,0,MT,,9.0,1.0,3.0,251.0,108.0,5.0,25.0,134.0,3.0,2.0,
74,Nova Lacerda,510618,MT,2.0,36.0,37.0,2.0,149.0,42.0,2.0,25.0,2.0,12.0,24.0,1.0
75,Nova Marilândia,510885,MT,1.0,28.0,4.0,2.0,74.0,23.0,,2.0,,2.0,2.0,
76,Nova Maringá,510890,MT,3.0,43.0,5.0,1.0,24.0,14.0,,11.0,8.0,2.0,12.0,32.0
77,Nova Monte Verde,510895,MT,2.0,4.0,253.0,,16.0,544.0,14.0,9.0,129.0,62.0,28.0,6.0
78,Nova Mutum,510622,MT,46.0,773.0,85.0,11.0,209.0,346.0,24.0,291.0,222.0,24.0,37.0,34.0
79,Nova Nazaré,0,MT,,4.0,1.0,,1.0,,,,1.0,70.0,,5.0
80,Nova Olímpia,510623,MT,9.0,390.0,92.0,5.0,110.0,93.0,31.0,33.0,23.0,3.0,11.0,54.0
81,Nova Santa Helena,510619,MT,49.0,22.0,26.0,2.0,62.0,130.0,34.0,52.0,109.0,2.0,21.0,9.0
82,Nova Ubiratã,510624,MT,1.0,424.0,167.0,13.0,250.0,369.0,27.0,71.0,91.0,13.0,16.0,8.0
83,Nova Xavantina,510625,MT,13.0,208.0,78.0,5.0,108.0,73.0,26.0,43.0,149.0,12.0,6.0,162.0
84,Novo Horizonte do Norte,0,MT,,103.0,35.0,13.0,32.0,51.0,,74.0,38.0,2.0,5.0,3.0
85,Novo Mundo,510626,MT,6.0,8.0,2.0,18.0,11.0,7.0,4.0,48.0,155.0,2.0,,7.0
86,Novo Santo Antônio,0,MT,,2.0,4.0,3.0,1.0,4.0,1.0,2.0,4.0,,2.0,1.0
87,Novo São Joaquim,510628,MT,6.0,278.0,15.0,,34.0,27.0,,46.0,24.0,5.0,4.0,19.0
88,Paranatinga,510630,MT,41.0,885.0,71.0,14.0,266.0,170.0,2.0,88.0,207.0,26.0,15.0,24.0
89,Paranaíta,510629,MT,80.0,16.0,187.0,3.0,422.0,393.0,34.0,89.0,31.0,100.0,83.0,45.0
90,Pedra Preta,510637,MT,20.0,158.0,75.0,21.0,26.0,41.0,3.0,6.0,6.0,8.0,5.0,13.0
91,Peixoto de Azevedo,510642,MT,40.0,47.0,90.0,20.0,106.0,82.0,25.0,201.0,636.0,53.0,8.0,26.0
92,Planalto da Serra,510645,MT,3.0,36.0,14.0,10.0,6.0,4.0,,3.0,71.0,,14.0,36.0
93,Poconé,510650,MT,10.0,227.0,93.0,7.0,586.0,55.0,42.0,195.0,37.0,43.0,246.0,5.0
94,Pontal do Araguaia,510665,MT,92.0,211.0,399.0,20.0,84.0,147.0,6.0,25.0,25.0,3.0,4.0,51.0
95,Ponte Branca,0,MT,,1.0,7.0,,4.0,5.0,9.0,9.0,8.0,1.0,,3.0
96,Pontes e Lacerda,510675,MT,227.0,395.0,877.0,144.0,758.0,1092.0,159.0,114.0,323.0,84.0,46.0,84.0
97,Porto Alegre do Norte,510677,MT,8.0,4.0,9.0,1.0,7.0,269.0,71.0,,189.0,16.0,8.0,148.0
98,Porto Esperidião,510682,MT,5.0,51.0,125.0,5.0,50.0,104.0,59.0,,3.0,,4.0,2.0
99,Porto Estrela,510685,MT,6.0,20.0,24.0,,8.0,23.0,,,7.0,,,3.0
100,Porto dos Gaúchos,510680,MT,3.0,8.0,41.0,2.0,6.0,5.0,7.0,21.0,20.0,11.0,,14.0
101,Poxoréo,510700,MT,5.0,21.0,108.0,30.0,127.0,169.0,2.0,45.0,30.0,2.0,,29.0
102,Primavera do Leste,510704,MT,6.0,359.0,2489.0,22.0,90.0,918.0,34.0,557.0,633.0,68.0,89.0,724.0
103,Querência,510706,MT,19.0,167.0,88.0,1.0,101.0,84.0,10.0,118.0,157.0,10.0,118.0,306.0
104,Reserva do Cabaçal,510715,MT,1.0,17.0,53.0,1.0,22.0,11.0,118.0,22.0,55.0,11.0,1.0,4.0
105,Ribeirão Cascalheira,510718,MT,25.0,80.0,105.0,47.0,31.0,18.0,2.0,43.0,60.0,1.0,33.0,74.0
106,Ribeirãozinho,510719,MT,104.0,41.0,200.0,1.0,26.0,36.0,5.0,86.0,36.0,6.0,17.0,37.0
107,Rio Branco,510720,MT,11.0,262.0,57.0,20.0,235.0,22.0,6.0,140.0,42.0,,,57.0
108,Rondolândia,510757,MT,3.0,3.0,20.0,1.0,,262.0,12.0,,26.0,4.0,,
109,Rondonópolis,510760,MT,41.0,1541.0,2842.0,34.0,608.0,1791.0,147.0,429.0,227.0,61.0,37.0,290.0
110,Rosário Oeste,510770,MT,45.0,408.0,85.0,12.0,60.0,75.0,44.0,50.0,14.0,40.0,119.0,26.0
111,Salto do Céu,510775,MT,3.0,218.0,34.0,2.0,30.0,27.0,8.0,26.0,2.0,1.0,1.0,18.0
112,Santa Carmem,510724,MT,34.0,152.0,178.0,9.0,208.0,37.0,10.0,257.0,16.0,10.0,6.0,8.0
113,Santa Cruz do Xingu,510774,MT,82.0,,1.0,,4.0,2.0,4.0,,4.0,2.0,3.0,17.0
114,Santa Rita do Trivelato,510776,MT,3.0,38.0,24.0,5.0,106.0,12.0,3.0,92.0,27.0,4.0,1.0,2.0
115,Santa Terezinha,510777,MT,1.0,2.0,,,,3.0,7.0,,,,,
116,Santo Afonso,510726,MT,19.0,6.0,8.0,,24.0,49.0,4.0,5.0,2.0,1.0,79.0,14.0
117,Santo Antônio do Leste,0,MT,,65.0,117.0,19.0,28.0,140.0,,60.0,23.0,15.0,10.0,8.0
118,Santo Antônio do Leverger,510780,MT,10.0,57.0,40.0,20.0,161.0,37.0,3.0,16.0,18.0,8.0,,7.0
119,Sapezal,510787,MT,9.0,163.0,120.0,23.0,85.0,476.0,48.0,126.0,40.0,5.0,2.0,72.0
120,Serra Nova Dourada,510788,MT,2.0,3.0,3.0,,41.0,42.0,1.0,24.0,9.0,,,
121,Sinop,510790,MT,190.0,3866.0,2440.0,741.0,4155.0,5265.0,1587.0,2567.0,1360.0,419.0,428.0,1275.0
122,Sorriso,510792,MT,32.0,1989.0,698.0,108.0,225.0,966.0,115.0,497.0,431.0,35.0,44.0,180.0
123,São Félix do Araguaia,510785,MT,35.0,79.0,75.0,4.0,46.0,16.0,2.0,4.0,74.0,1.0,16.0,12.0
124,São José do Povo,510729,MT,11.0,50.0,38.0,5.0,6.0,9.0,,,2.0,6.0,,38.0
125,São José do Rio Claro,510730,MT,8.0,104.0,84.0,5.0,81.0,71.0,4.0,8.0,21.0,11.0,7.0,
126,São José do Xingu,510735,MT,168.0,63.0,133.0,11.0,36.0,154.0,11.0,38.0,86.0,6.0,3.0,134.0
127,São José dos Quatro Marcos,510710,MT,5.0,334.0,615.0,45.0,270.0,152.0,17.0,17.0,2.0,6.0,4.0,7.0
128,São Pedro da Cipa,510740,MT,5.0,78.0,23.0,15.0,19.0,4.0,1.0,2.0,3.0,,1.0,
129,Tabaporã,0,MT,,48.0,121.0,34.0,161.0,113.0,7.0,123.0,217.0,19.0,3.0,33.0
130,Tangará da Serra,510795,MT,177.0,2004.0,547.0,53.0,902.0,1099.0,23.0,315.0,204.0,131.0,125.0,306.0
131,Tapurah,510800,MT,4.0,47.0,227.0,6.0,176.0,60.0,98.0,35.0,280.0,,4.0,52.0
132,Terra Nova do Norte,510805,MT,114.0,15.0,116.0,24.0,22.0,80.0,21.0,34.0,493.0,8.0,1.0,30.0
133,Tesouro,0,MT,,1.0,,3.0,3.0,14.0,1.0,73.0,47.0,3.0,5.0,2.0
134,Torixoréu,510820,MT,17.0,8.0,146.0,146.0,299.0,84.0,63.0,96.0,74.0,38.0,49.0,145.0
135,União do Sul,510830,MT,2.0,29.0,1.0,1.0,7.0,114.0,4.0,10.0,29.0,1.0,2.0,28.0
136,Vale de São Domingos,510835,MT,8.0,157.0,32.0,6.0,12.0,31.0,2.0,12.0,9.0,3.0,,6.0
137,Vera,510850,MT,1.0,30.0,291.0,3.0,234.0,98.0,45.0,331.0,91.0,10.0,4.0,79.0
138,Vila Bela da Santíssima Trindade,510550,MT,33.0,229.0,337.0,10.0,78.0,131.0,81.0,1.0,4.0,17.0,28.0,16.0
139,Vila Rica,510860,MT,97.0,26.0,18.0,13.0,12.0,67.0,,5.0,64.0,42.0,9.0,42.0
140,Várzea Grande,510840,MT,221.0,4802.0,1537.0,166.0,2801.0,374.0,201.0,1299.0,537.0,2148.0,1509.0,109.0
141,Água Boa,510020,MT,5.0,119.0,62.0,15.0,505.0,250.0,9.0,88.0,319.0,12.0,32.0,169.0
0,Abaetetuba,150010,PA,86.0,50.0,437.0,222.0,233.0,33.0,12.0,34.0,125.0,164.0,39.0,7.0
1,Abel Figueiredo,150013,PA,7.0,20.0,38.0,26.0,25.0,18.0,12.0,14.0,20.0,7.0,2.0,6.0
2,Acará,150020,PA,20.0,127.0,39.0,54.0,9.0,15.0,63.0,1.0,7.0,2.0,8.0,2.0
3,Afuá,150030,PA,5.0,4.0,3.0,1.0,1.0,,,1.0,1.0,1.0,1.0,5.0
4,Alenquer,150040,PA,53.0,1.0,4.0,25.0,,5.0,3.0,220.0,531.0,42.0,14.0,5.0
5,Almeirim,150050,PA,1.0,1.0,,1.0,1.0,1.0,134.0,,1.0,6.0,76.0,
6,Altamira,150060,PA,25.0,412.0,1346.0,1293.0,984.0,269.0,262.0,284.0,83.0,51.0,18.0,57.0
7,Anajás,0,PA,,,,,2.0,12.0,,,,1.0,,
8,Ananindeua,150080,PA,140.0,274.0,784.0,353.0,383.0,186.0,68.0,402.0,310.0,69.0,80.0,67.0
9,Anapu,150085,PA,10.0,8.0,9.0,15.0,52.0,117.0,246.0,15.0,52.0,594.0,5.0,134.0
10,Augusto Corrêa,150090,PA,16.0,39.0,9.0,32.0,37.0,8.0,3.0,38.0,4.0,4.0,65.0,4.0
11,Aurora do Pará,150095,PA,32.0,26.0,1.0,20.0,13.0,1.0,7.0,2.0,4.0,6.0,16.0,1.0
12,Aveiro,150100,PA,5.0,3.0,7.0,1.0,,,,,1.0,,,
13,Bagre,150110,PA,2.0,,,4.0,58.0,1.0,,61.0,,,,
14,Baião,150120,PA,20.0,5.0,,5.0,14.0,3.0,1.0,1.0,3.0,1.0,30.0,1.0
15,Bannach,150125,PA,117.0,10.0,15.0,10.0,2.0,46.0,25.0,14.0,38.0,13.0,3.0,29.0
16,Barcarena,150130,PA,46.0,45.0,90.0,125.0,124.0,43.0,6.0,14.0,75.0,35.0,24.0,9.0
17,Belterra,150145,PA,157.0,97.0,87.0,55.0,21.0,48.0,,12.0,21.0,9.0,17.0,4.0
18,Belém,150140,PA,1420.0,1478.0,2919.0,1681.0,1964.0,437.0,491.0,1471.0,736.0,303.0,293.0,198.0
19,Benevides,150150,PA,52.0,113.0,223.0,76.0,167.0,51.0,6.0,57.0,47.0,2.0,9.0,6.0
20,Bom Jesus do Tocantins,150157,PA,86.0,54.0,75.0,23.0,8.0,2.0,,1.0,1.0,1.0,,
21,Bonito,150160,PA,6.0,3.0,1.0,,1.0,3.0,,8.0,2.0,3.0,3.0,18.0
22,Bragança,150170,PA,97.0,58.0,142.0,99.0,144.0,19.0,9.0,66.0,220.0,32.0,23.0,30.0
23,Brasil Novo,0,PA,,6.0,25.0,86.0,131.0,113.0,74.0,220.0,45.0,6.0,9.0,73.0
24,Brejo Grande do Araguaia,150175,PA,14.0,7.0,3.0,11.0,29.0,6.0,18.0,23.0,42.0,4.0,16.0,2.0
25,Breu Branco,150178,PA,141.0,366.0,11.0,224.0,450.0,26.0,1.0,25.0,455.0,344.0,145.0,5.0
26,Breves,150180,PA,13.0,14.0,30.0,14.0,3.0,22.0,6.0,210.0,45.0,,,2.0
27,Bujaru,150190,PA,34.0,2.0,1.0,4.0,9.0,2.0,,,,,,
28,Cachoeira do Arari,150200,PA,1.0,,,,,,,,,,,
29,Cachoeira do Piriá,150195,PA,15.0,12.0,20.0,47.0,45.0,4.0,19.0,4.0,81.0,23.0,,
30,Cametá,150210,PA,102.0,11.0,164.0,161.0,263.0,22.0,18.0,37.0,45.0,19.0,4.0,13.0
31,Canaã dos Carajás,150215,PA,60.0,22.0,40.0,61.0,202.0,252.0,15.0,183.0,81.0,30.0,32.0,299.0
32,Capanema,150220,PA,54.0,44.0,59.0,70.0,79.0,10.0,12.0,90.0,140.0,19.0,41.0,63.0
33,Capitão Poço,150230,PA,21.0,11.0,3.0,22.0,24.0,7.0,5.0,24.0,76.0,148.0,42.0,2.0
34,Castanhal,150240,PA,229.0,172.0,228.0,139.0,280.0,56.0,20.0,154.0,59.0,55.0,119.0,30.0
35,Chaves,0,PA,,,,,1.0,,,,,,,2.0
36,Colares,150260,PA,1.0,18.0,,1.0,11.0,,1.0,20.0,2.0,3.0,,1.0
37,Conceição do Araguaia,150270,PA,1430.0,121.0,43.0,222.0,112.0,173.0,11.0,15.0,93.0,141.0,99.0,290.0
38,Concórdia do Pará,150275,PA,19.0,19.0,13.0,57.0,11.0,1.0,4.0,,5.0,,4.0,
39,Cumaru do Norte,150276,PA,50.0,26.0,22.0,21.0,4.0,42.0,4.0,27.0,179.0,13.0,9.0,8.0
40,Curionópolis,150277,PA,57.0,32.0,38.0,77.0,74.0,19.0,18.0,11.0,54.0,2.0,,2.0
41,Curralinho,150280,PA,1.0,3.0,,,,2.0,,,,,,1.0
42,Curuá,150285,PA,1.0,,,1.0,,,,1.0,5.0,1.0,,
43,Curuçá,150290,PA,7.0,2.0,78.0,8.0,33.0,5.0,11.0,14.0,11.0,5.0,20.0,4.0
44,Dom Eliseu,150293,PA,171.0,81.0,19.0,84.0,17.0,55.0,21.0,67.0,503.0,3.0,9.0,35.0
45,Eldorado do Carajás,150295,PA,90.0,18.0,39.0,100.0,55.0,5.0,20.0,,4.0,1.0,,
46,Floresta do Araguaia,150304,PA,104.0,98.0,18.0,56.0,2.0,3.0,,24.0,189.0,5.0,83.0,11.0
47,Garrafão do Norte,150307,PA,1.0,4.0,2.0,7.0,5.0,1.0,,,3.0,3.0,2.0,
48,Goianésia do Pará,150309,PA,80.0,80.0,8.0,86.0,187.0,88.0,2.0,26.0,116.0,141.0,222.0,273.0
49,Gurupá,150310,PA,1.0,2.0,1.0,7.0,22.0,,37.0,7.0,16.0,3.0,1.0,
50,Igarapé-Açu,150320,PA,29.0,2.0,24.0,48.0,52.0,4.0,4.0,4.0,21.0,1.0,5.0,10.0
51,Igarapé-Miri,150330,PA,2.0,8.0,23.0,25.0,15.0,30.0,,8.0,4.0,1.0,6.0,11.0
52,Inhangapi,150340,PA,4.0,9.0,6.0,10.0,77.0,4.0,10.0,75.0,12.0,5.0,73.0,1.0
53,Ipixuna do Pará,150345,PA,6.0,12.0,7.0,123.0,51.0,19.0,19.0,3.0,6.0,6.0,8.0,5.0
54,Irituia,150350,PA,40.0,43.0,2.0,18.0,93.0,54.0,6.0,36.0,5.0,5.0,13.0,2.0
55,Itaituba,150360,PA,306.0,91.0,520.0,419.0,229.0,234.0,68.0,63.0,554.0,45.0,30.0,19.0
56,Itupiranga,150370,PA,20.0,10.0,112.0,157.0,130.0,173.0,33.0,38.0,25.0,11.0,10.0,25.0
57,Jacareacanga,150375,PA,4.0,,2.0,,1.0,2.0,,,2.0,1.0,,
58,Jacundá,150380,PA,164.0,104.0,23.0,280.0,122.0,6.0,2.0,16.0,68.0,96.0,3.0,18.0
59,Juruti,150390,PA,216.0,238.0,145.0,146.0,12.0,367.0,25.0,,31.0,18.0,4.0,2.0
60,Limoeiro do Ajuru,150400,PA,9.0,7.0,3.0,12.0,1.0,1.0,,5.0,5.0,30.0,3.0,1.0
61,Magalhães Barata,150410,PA,24.0,,1.0,2.0,10.0,,,6.0,,,3.0,
62,Marabá,150420,PA,611.0,249.0,334.0,518.0,346.0,151.0,93.0,133.0,541.0,455.0,24.0,53.0
63,Maracanã,150430,PA,34.0,19.0,1.0,22.0,8.0,1.0,1.0,2.0,16.0,27.0,26.0,22.0
64,Marapanim,150440,PA,17.0,5.0,39.0,13.0,61.0,15.0,,1.0,,2.0,178.0,10.0
65,Marituba,150442,PA,223.0,175.0,474.0,499.0,320.0,129.0,103.0,326.0,196.0,97.0,60.0,24.0
66,Medicilândia,150445,PA,6.0,3.0,93.0,23.0,6.0,30.0,11.0,6.0,4.0,45.0,28.0,63.0
67,Mocajuba,150460,PA,10.0,4.0,2.0,1.0,15.0,1.0,1.0,13.0,21.0,2.0,2.0,23.0
68,Moju,150470,PA,174.0,57.0,60.0,77.0,48.0,2.0,2.0,4.0,3.0,1.0,57.0,39.0
69,Mojuí dos Campos,0,PA,,,,,,3.0,30.0,166.0,31.0,13.0,7.0,4.0
70,Monte Alegre,150480,PA,18.0,82.0,99.0,283.0,641.0,181.0,2.0,232.0,501.0,4.0,,1.0
71,Muaná,150490,PA,5.0,4.0,1.0,,10.0,25.0,12.0,6.0,3.0,,,
72,Município ignorado - PA,0,PA,,,1.0,,,2.0,,,,,,
73,Mãe do Rio,150405,PA,63.0,49.0,1.0,5.0,21.0,1.0,1.0,8.0,4.0,,153.0,14.0
74,Nova Esperança do Piriá,150495,PA,12.0,1.0,2.0,4.0,21.0,4.0,3.0,,26.0,67.0,13.0,4.0
75,Nova Ipixuna,150497,PA,37.0,,10.0,94.0,26.0,15.0,14.0,61.0,97.0,6.0,8.0,69.0
76,Nova Timboteua,150500,PA,2.0,6.0,2.0,2.0,5.0,,,25.0,18.0,6.0,83.0,2.0
77,Novo Progresso,150503,PA,129.0,37.0,401.0,426.0,68.0,327.0,68.0,122.0,301.0,65.0,68.0,98.0
78,Novo Repartimento,150506,PA,57.0,17.0,25.0,302.0,308.0,42.0,11.0,9.0,192.0,144.0,92.0,111.0
79,Oeiras do Pará,150520,PA,3.0,3.0,3.0,2.0,2.0,,1.0,,9.0,1.0,,
80,Oriximiná,150530,PA,697.0,9.0,38.0,198.0,638.0,392.0,219.0,45.0,321.0,34.0,10.0,8.0
81,Ourilândia do Norte,150543,PA,265.0,77.0,232.0,184.0,230.0,110.0,15.0,63.0,41.0,72.0,15.0,64.0
82,Ourém,150540,PA,92.0,4.0,1.0,3.0,12.0,5.0,1.0,2.0,1.0,1.0,,
83,Pacajá,150548,PA,336.0,14.0,235.0,265.0,241.0,212.0,178.0,166.0,223.0,284.0,55.0,66.0
84,Palestina do Pará,150549,PA,10.0,,,25.0,37.0,40.0,,,,68.0,27.0,3.0
85,Paragominas,150550,PA,87.0,49.0,42.0,412.0,231.0,100.0,7.0,3.0,8.0,44.0,,48.0
86,Parauapebas,150553,PA,1337.0,208.0,158.0,681.0,1350.0,743.0,535.0,447.0,346.0,1113.0,256.0,1630.0
87,Pau D'Arco,150555,PA,49.0,17.0,34.0,44.0,16.0,8.0,,2.0,40.0,43.0,54.0,1.0
88,Peixe-Boi,0,PA,,3.0,1.0,31.0,5.0,1.0,,2.0,22.0,,2.0,3.0
89,Piçarra,150563,PA,17.0,6.0,37.0,26.0,42.0,29.0,,,4.0,,,3.0
90,Placas,150565,PA,45.0,104.0,65.0,34.0,59.0,23.0,7.0,19.0,4.0,1.0,,
91,Ponta de Pedras,150570,PA,14.0,47.0,2.0,15.0,36.0,12.0,15.0,125.0,53.0,,4.0,1.0
92,Portel,150580,PA,38.0,12.0,204.0,35.0,21.0,166.0,13.0,69.0,20.0,,2.0,
93,Porto de Moz,0,PA,,2.0,7.0,1.0,1.0,1.0,,24.0,9.0,,,
94,Prainha,150600,PA,3.0,1.0,235.0,30.0,4.0,201.0,,72.0,84.0,1.0,1.0,2.0
95,Primavera,150610,PA,29.0,47.0,28.0,18.0,30.0,6.0,,41.0,31.0,6.0,3.0,
96,Quatipuru,150611,PA,118.0,24.0,30.0,,2.0,,,2.0,39.0,6.0,23.0,6.0
97,Redenção,150613,PA,483.0,113.0,80.0,212.0,107.0,83.0,8.0,29.0,45.0,127.0,76.0,12.0
98,Rio Maria,150616,PA,408.0,50.0,101.0,63.0,13.0,151.0,17.0,25.0,18.0,39.0,5.0,33.0
99,Rondon do Pará,150618,PA,239.0,56.0,39.0,115.0,126.0,36.0,10.0,67.0,244.0,79.0,58.0,53.0
100,Rurópolis,150619,PA,365.0,386.0,224.0,38.0,155.0,287.0,3.0,27.0,231.0,26.0,,82.0
101,Salinópolis,150620,PA,52.0,30.0,433.0,242.0,375.0,64.0,10.0,20.0,16.0,1.0,8.0,11.0
102,Salvaterra,150630,PA,1.0,4.0,4.0,11.0,201.0,13.0,8.0,11.0,23.0,3.0,,
103,Santa Bárbara do Pará,150635,PA,9.0,26.0,47.0,67.0,101.0,9.0,8.0,23.0,8.0,,7.0,17.0
104,Santa Izabel do Pará,150650,PA,174.0,22.0,39.0,66.0,178.0,17.0,16.0,125.0,22.0,2.0,6.0,3.0
105,Santa Luzia do Pará,150655,PA,22.0,1.0,,17.0,61.0,,3.0,13.0,20.0,12.0,10.0,18.0
106,Santa Maria das Barreiras,150658,PA,144.0,12.0,,114.0,26.0,116.0,30.0,54.0,110.0,95.0,35.0,75.0
107,Santa Maria do Pará,150660,PA,22.0,16.0,22.0,25.0,18.0,3.0,1.0,,13.0,3.0,30.0,3.0
108,Santana do Araguaia,150670,PA,76.0,9.0,25.0,26.0,52.0,37.0,7.0,19.0,164.0,21.0,2.0,62.0
109,Santarém,150680,PA,1023.0,108.0,440.0,1283.0,479.0,828.0,23.0,49.0,24.0,12.0,40.0,29.0
110,Santarém Novo,150690,PA,1.0,1.0,278.0,101.0,136.0,4.0,,12.0,2.0,9.0,14.0,1.0
111,Santo Antônio do Tauá,150700,PA,18.0,14.0,9.0,8.0,20.0,28.0,1.0,12.0,12.0,5.0,21.0,4.0
112,Sapucaia,150775,PA,15.0,29.0,3.0,7.0,,1.0,,,91.0,1.0,,
113,Senador José Porfírio,150780,PA,1.0,2.0,5.0,1.0,2.0,37.0,514.0,205.0,23.0,7.0,3.0,236.0
114,Soure,150790,PA,20.0,32.0,148.0,171.0,275.0,42.0,5.0,30.0,32.0,98.0,4.0,8.0
115,São Caetano de Odivelas,150710,PA,1.0,2.0,10.0,6.0,26.0,2.0,1.0,12.0,3.0,5.0,8.0,5.0
116,São Domingos do Araguaia,150715,PA,124.0,73.0,66.0,114.0,251.0,130.0,34.0,90.0,126.0,6.0,,10.0
117,São Domingos do Capim,150720,PA,4.0,4.0,73.0,20.0,8.0,5.0,16.0,6.0,4.0,2.0,2.0,5.0
118,São Francisco do Pará,150740,PA,44.0,17.0,50.0,5.0,12.0,6.0,16.0,1.0,6.0,20.0,13.0,2.0
119,São Félix do Xingu,150730,PA,200.0,160.0,332.0,436.0,231.0,244.0,182.0,90.0,134.0,47.0,64.0,144.0
120,São Geraldo do Araguaia,150745,PA,344.0,112.0,3.0,161.0,181.0,124.0,55.0,28.0,99.0,218.0,5.0,2.0
121,São João da Ponta,150746,PA,16.0,3.0,5.0,1.0,17.0,2.0,33.0,12.0,5.0,1.0,2.0,
122,São João de Pirabas,150747,PA,16.0,2.0,47.0,15.0,47.0,8.0,1.0,4.0,25.0,31.0,8.0,6.0
123,São João do Araguaia,150750,PA,41.0,26.0,166.0,87.0,31.0,12.0,8.0,15.0,106.0,102.0,83.0,123.0
124,São Miguel do Guamá,150760,PA,75.0,21.0,11.0,31.0,42.0,32.0,2.0,3.0,9.0,1.0,8.0,7.0
125,São Sebastião da Boa Vista,150770,PA,3.0,1.0,1.0,5.0,12.0,,3.0,7.0,6.0,2.0,1.0,
126,Tailândia,150795,PA,258.0,21.0,203.0,204.0,94.0,41.0,32.0,37.0,20.0,7.0,5.0,12.0
127,Terra Alta,150796,PA,11.0,7.0,14.0,4.0,9.0,26.0,1.0,12.0,3.0,1.0,22.0,
128,Terra Santa,150797,PA,9.0,,,22.0,4.0,1.0,5.0,1.0,,,,
129,Tomé-Açu,150800,PA,36.0,20.0,21.0,43.0,49.0,47.0,31.0,100.0,92.0,4.0,1.0,39.0
130,Tracuateua,150803,PA,17.0,3.0,10.0,60.0,87.0,14.0,18.0,23.0,41.0,1.0,13.0,19.0
131,Trairão,150805,PA,3.0,,,1.0,,8.0,,3.0,9.0,,,
132,Tucumã,150808,PA,211.0,58.0,256.0,355.0,269.0,28.0,30.0,63.0,5.0,9.0,,14.0
133,Tucuruí,150810,PA,314.0,30.0,70.0,479.0,190.0,54.0,21.0,35.0,371.0,424.0,89.0,15.0
134,Ulianópolis,150812,PA,12.0,10.0,91.0,466.0,120.0,3.0,1.0,3.0,3.0,1.0,2.0,1.0
135,Uruará,150815,PA,3.0,98.0,285.0,105.0,105.0,103.0,79.0,34.0,24.0,,,7.0
136,Vigia,150820,PA,5.0,34.0,37.0,13.0,20.0,8.0,6.0,,,179.0,23.0,3.0
137,Viseu,150830,PA,27.0,10.0,65.0,37.0,19.0,9.0,1.0,30.0,21.0,1.0,71.0,
138,Vitória do Xingu,150835,PA,2.0,11.0,145.0,148.0,194.0,130.0,94.0,51.0,18.0,23.0,21.0,90.0
139,Xinguara,150840,PA,309.0,184.0,103.0,171.0,64.0,67.0,15.0,72.0,89.0,872.0,12.0,22.0
140,Água Azul do Norte,150034,PA,65.0,14.0,32.0,61.0,5.0,14.0,3.0,22.0,16.0,175.0,5.0,30.0
141,Óbidos,150510,PA,8.0,3.0,1.0,9.0,3.0,46.0,6.0,11.0,47.0,3.0,1.0,2.0
0,Alta Floresta D'Oeste,110001,RO,32.0,383.0,79.0,1.0,65.0,182.0,31.0,100.0,487.0,15.0,1.0,231.0
1,Alto Alegre dos Parecis,110037,RO,35.0,51.0,47.0,28.0,24.0,168.0,15.0,12.0,7.0,12.0,2.0,37.0
2,Alto Paraíso,110040,RO,16.0,32.0,80.0,56.0,42.0,58.0,20.0,1.0,12.0,25.0,5.0,5.0
3,Alvorada D'Oeste,110034,RO,44.0,156.0,71.0,275.0,84.0,513.0,24.0,35.0,82.0,8.0,,
4,Ariquemes,110002,RO,196.0,759.0,224.0,31.0,3.0,35.0,66.0,21.0,62.0,61.0,8.0,28.0
5,Buritis,110045,RO,21.0,663.0,669.0,93.0,28.0,109.0,137.0,169.0,263.0,140.0,109.0,100.0
6,Cabixi,110003,RO,30.0,20.0,67.0,14.0,50.0,41.0,8.0,123.0,51.0,5.0,4.0,91.0
7,Cacaulândia,0,RO,,31.0,4.0,1.0,1.0,1.0,8.0,14.0,13.0,50.0,,
8,Cacoal,110004,RO,758.0,1600.0,901.0,37.0,18.0,438.0,38.0,52.0,245.0,27.0,33.0,33.0
9,Campo Novo de Rondônia,110070,RO,1.0,4.0,29.0,61.0,7.0,69.0,218.0,28.0,17.0,20.0,4.0,12.0
10,Candeias do Jamari,110080,RO,30.0,33.0,146.0,6.0,6.0,32.0,10.0,33.0,79.0,14.0,6.0,7.0
11,Castanheiras,110090,RO,5.0,10.0,,,2.0,7.0,,4.0,28.0,3.0,,3.0
12,Cerejeiras,110005,RO,174.0,247.0,117.0,163.0,110.0,740.0,11.0,42.0,347.0,269.0,10.0,14.0
13,Chupinguaia,110092,RO,22.0,134.0,31.0,12.0,56.0,67.0,19.0,48.0,31.0,,,
14,Colorado do Oeste,110006,RO,32.0,221.0,527.0,129.0,129.0,76.0,29.0,11.0,34.0,15.0,16.0,11.0
15,Corumbiara,110007,RO,3.0,2.0,41.0,35.0,59.0,68.0,11.0,18.0,12.0,5.0,,6.0
16,Costa Marques,110008,RO,11.0,32.0,361.0,146.0,55.0,194.0,117.0,10.0,37.0,,,2.0
17,Cujubim,0,RO,,9.0,92.0,6.0,1.0,2.0,1.0,2.0,64.0,56.0,1.0,7.0
18,Espigão D'Oeste,110009,RO,205.0,589.0,563.0,61.0,58.0,714.0,18.0,280.0,511.0,118.0,40.0,13.0
19,Governador Jorge Teixeira,110100,RO,8.0,190.0,69.0,4.0,2.0,42.0,2.0,3.0,14.0,6.0,1.0,
20,Guajará-Mirim,110010,RO,869.0,1166.0,1181.0,473.0,377.0,241.0,23.0,13.0,283.0,98.0,48.0,8.0
21,Itapuã do Oeste,110110,RO,3.0,21.0,217.0,47.0,5.0,27.0,29.0,6.0,39.0,9.0,1.0,4.0
22,Jaru,110011,RO,62.0,2590.0,704.0,34.0,106.0,282.0,48.0,20.0,116.0,141.0,1.0,10.0
23,Ji-Paraná,110012,RO,274.0,936.0,573.0,54.0,11.0,385.0,225.0,34.0,926.0,81.0,28.0,14.0
24,Machadinho D'Oeste,110013,RO,177.0,714.0,587.0,14.0,6.0,101.0,81.0,16.0,462.0,123.0,6.0,2.0
25,Ministro Andreazza,110120,RO,26.0,124.0,46.0,2.0,6.0,116.0,2.0,79.0,28.0,7.0,,1.0
26,Mirante da Serra,0,RO,,383.0,231.0,15.0,13.0,200.0,9.0,,12.0,7.0,,
27,Monte Negro,0,RO,,20.0,232.0,78.0,1.0,14.0,5.0,16.0,30.0,32.0,4.0,13.0
28,Município ignorado - RO,0,RO,,1.0,,,1.0,,,,,,,
29,Nova Brasilândia D'Oeste,110014,RO,30.0,117.0,745.0,283.0,14.0,89.0,23.0,4.0,347.0,71.0,4.0,21.0
30,Nova Mamoré,110033,RO,25.0,82.0,138.0,13.0,12.0,85.0,3.0,11.0,159.0,3.0,2.0,29.0
31,Nova União,0,RO,,342.0,68.0,15.0,10.0,39.0,7.0,9.0,12.0,9.0,1.0,1.0
32,Novo Horizonte do Oeste,0,RO,,82.0,450.0,119.0,7.0,97.0,19.0,7.0,65.0,4.0,,1.0
33,Ouro Preto do Oeste,110015,RO,70.0,636.0,365.0,11.0,9.0,62.0,47.0,47.0,106.0,56.0,7.0,14.0
34,Parecis,110145,RO,16.0,1.0,11.0,,18.0,48.0,7.0,128.0,64.0,16.0,3.0,
35,Pimenta Bueno,110018,RO,124.0,1021.0,1480.0,12.0,23.0,41.0,35.0,73.0,524.0,40.0,5.0,11.0
36,Pimenteiras do Oeste,110146,RO,2.0,,4.0,4.0,1.0,92.0,2.0,,41.0,5.0,5.0,4.0
37,Porto Velho,110020,RO,1093.0,1806.0,6236.0,125.0,153.0,719.0,306.0,230.0,998.0,355.0,112.0,180.0
38,Presidente Médici,110025,RO,191.0,32.0,99.0,49.0,7.0,255.0,24.0,14.0,102.0,42.0,13.0,24.0
39,Primavera de Rondônia,110147,RO,38.0,10.0,46.0,3.0,,9.0,5.0,,7.0,1.0,2.0,2.0
40,Rio Crespo,110026,RO,2.0,2.0,34.0,10.0,2.0,1.0,2.0,4.0,45.0,2.0,3.0,
41,Rolim de Moura,110028,RO,119.0,1026.0,1332.0,6.0,96.0,356.0,78.0,36.0,359.0,89.0,11.0,5.0
42,Santa Luzia D'Oeste,110029,RO,15.0,177.0,45.0,19.0,1.0,15.0,6.0,4.0,54.0,2.0,2.0,
43,Seringueiras,110150,RO,55.0,145.0,90.0,47.0,51.0,39.0,26.0,11.0,71.0,7.0,6.0,
44,São Felipe D'Oeste,110148,RO,45.0,57.0,120.0,20.0,136.0,153.0,50.0,13.0,50.0,18.0,7.0,2.0
45,São Francisco do Guaporé,110149,RO,67.0,78.0,353.0,47.0,59.0,253.0,24.0,41.0,72.0,10.0,3.0,8.0
46,São Miguel do Guaporé,110032,RO,22.0,432.0,343.0,28.0,45.0,122.0,,12.0,44.0,4.0,1.0,1.0
47,Teixeirópolis,110155,RO,14.0,174.0,96.0,,12.0,32.0,,3.0,5.0,3.0,,
48,Theobroma,110160,RO,7.0,79.0,44.0,2.0,2.0,9.0,9.0,2.0,21.0,4.0,,
49,Urupá,110170,RO,70.0,39.0,286.0,160.0,20.0,64.0,66.0,42.0,23.0,13.0,,
50,Vale do Anari,110175,RO,14.0,177.0,29.0,5.0,1.0,60.0,2.0,4.0,23.0,22.0,3.0,2.0
51,Vale do Paraíso,110180,RO,33.0,19.0,8.0,2.0,3.0,5.0,,2.0,74.0,44.0,1.0,4.0
52,Vilhena,110030,RO,570.0,1131.0,1161.0,101.0,1207.0,977.0,57.0,336.0,322.0,21.0,13.0,14.0
0,Alto Alegre,140005,RR,98.0,25.0,51.0,28.0,49.0,7.0,20.0,10.0,3.0,,,6.0
1,Amajari,140002,RR,23.0,13.0,44.0,31.0,47.0,27.0,12.0,40.0,5.0,4.0,,6.0
2,Boa Vista,140010,RR,3991.0,2360.0,4573.0,880.0,643.0,254.0,321.0,438.0,80.0,202.0,,1026.0
3,Bonfim,140015,RR,63.0,73.0,178.0,35.0,60.0,18.0,103.0,37.0,3.0,9.0,,46.0
4,Cantá,140017,RR,114.0,120.0,149.0,42.0,61.0,51.0,2.0,17.0,16.0,2.0,,4.0
5,Caracaraí,140020,RR,20.0,62.0,597.0,62.0,191.0,125.0,64.0,131.0,7.0,5.0,,196.0
6,Caroebe,140023,RR,22.0,132.0,286.0,19.0,67.0,8.0,5.0,4.0,46.0,,,210.0
7,Iracema,140028,RR,212.0,37.0,191.0,26.0,114.0,86.0,112.0,52.0,2.0,3.0,,1.0
8,Mucajaí,140030,RR,63.0,111.0,91.0,42.0,32.0,26.0,34.0,48.0,8.0,13.0,,46.0
9,Normandia,140040,RR,7.0,2.0,12.0,17.0,10.0,9.0,3.0,8.0,,,,2.0
10,Pacaraima,140045,RR,75.0,32.0,119.0,49.0,99.0,4.0,15.0,6.0,,,,3.0
11,Rorainópolis,140047,RR,204.0,179.0,780.0,38.0,123.0,312.0,442.0,285.0,4.0,20.0,,6.0
12,São João da Baliza,140050,RR,32.0,66.0,89.0,11.0,81.0,,5.0,22.0,33.0,23.0,,17.0
13,São Luiz,140060,RR,3.0,5.0,204.0,14.0,160.0,5.0,,,,2.0,,2.0
14,Uiramutã,0,RR,,5.0,6.0,1.0,110.0,5.0,,9.0,,,,19.0
0,Abreulândia,170025,TO,162.0,18.0,1.0,7.0,37.0,4.0,17.0,63.0,4.0,4.0,5.0,4.0
1,Aguiarnópolis,170030,TO,50.0,5.0,31.0,81.0,14.0,11.0,9.0,1.0,12.0,61.0,2.0,16.0
2,Aliança do Tocantins,170035,TO,6.0,5.0,15.0,4.0,2.0,3.0,,5.0,16.0,12.0,,5.0
3,Almas,170040,TO,28.0,,81.0,6.0,10.0,25.0,1.0,8.0,24.0,12.0,4.0,27.0
4,Alvorada,170070,TO,2.0,,8.0,2.0,2.0,4.0,1.0,7.0,17.0,1.0,9.0,23.0
5,Ananás,170100,TO,276.0,13.0,2.0,9.0,,4.0,3.0,9.0,54.0,17.0,23.0,27.0
6,Angico,170105,TO,20.0,,1.0,,31.0,7.0,1.0,,,3.0,,
7,Aparecida do Rio Negro,170110,TO,46.0,36.0,24.0,17.0,8.0,15.0,3.0,77.0,74.0,34.0,12.0,29.0
8,Aragominas,170130,TO,27.0,2.0,6.0,23.0,22.0,2.0,5.0,17.0,39.0,3.0,,25.0
9,Araguacema,170190,TO,20.0,17.0,4.0,1.0,14.0,77.0,6.0,6.0,23.0,4.0,,6.0
10,Araguanã,170215,TO,68.0,3.0,,64.0,15.0,2.0,8.0,8.0,23.0,30.0,10.0,8.0
11,Araguatins,170220,TO,60.0,5.0,4.0,60.0,145.0,34.0,25.0,39.0,55.0,89.0,36.0,56.0
12,Araguaçu,170200,TO,43.0,168.0,405.0,340.0,260.0,358.0,332.0,39.0,136.0,3.0,15.0,72.0
13,Araguaína,170210,TO,1763.0,255.0,157.0,563.0,1818.0,509.0,499.0,889.0,962.0,1360.0,412.0,1747.0
14,Arapoema,170230,TO,12.0,34.0,93.0,4.0,16.0,16.0,2.0,5.0,7.0,9.0,5.0,31.0
15,Arraias,170240,TO,8.0,33.0,168.0,7.0,3.0,80.0,24.0,62.0,30.0,72.0,19.0,486.0
16,Augustinópolis,170255,TO,168.0,89.0,18.0,48.0,31.0,22.0,4.0,13.0,69.0,37.0,1.0,22.0
17,Aurora do Tocantins,170270,TO,1.0,2.0,29.0,,,2.0,,1.0,18.0,74.0,,9.0
18,Axixá do Tocantins,170290,TO,44.0,9.0,6.0,27.0,3.0,1.0,3.0,8.0,,17.0,5.0,
19,Babaçulândia,170300,TO,22.0,1.0,,4.0,10.0,35.0,7.0,1.0,28.0,14.0,1.0,60.0
20,Bandeirantes do Tocantins,170305,TO,5.0,14.0,,1.0,9.0,11.0,7.0,5.0,4.0,3.0,1.0,8.0
21,Barra do Ouro,170307,TO,75.0,8.0,,7.0,3.0,4.0,2.0,,,4.0,2.0,3.0
22,Barrolândia,170310,TO,28.0,13.0,6.0,,136.0,17.0,14.0,14.0,14.0,5.0,6.0,52.0
23,Bernardo Sayão,170320,TO,7.0,23.0,30.0,3.0,10.0,1.0,9.0,5.0,5.0,4.0,6.0,7.0
24,Bom Jesus do Tocantins,170330,TO,7.0,3.0,3.0,,25.0,3.0,5.0,23.0,25.0,8.0,2.0,21.0
25,Brasilândia do Tocantins,170360,TO,3.0,2.0,52.0,12.0,25.0,,3.0,1.0,3.0,1.0,,4.0
26,Brejinho de Nazaré,170370,TO,4.0,1.0,6.0,1.0,3.0,7.0,,39.0,16.0,4.0,3.0,19.0
27,Buriti do Tocantins,170380,TO,14.0,2.0,2.0,21.0,28.0,,,8.0,36.0,15.0,1.0,
28,Cachoeirinha,170382,TO,60.0,6.0,1.0,89.0,14.0,14.0,1.0,,19.0,2.0,,
29,Campos Lindos,170384,TO,62.0,50.0,54.0,50.0,5.0,7.0,5.0,1.0,1.0,1.0,18.0,34.0
30,Cariri do Tocantins,170386,TO,1.0,1.0,1.0,1.0,7.0,10.0,16.0,2.0,6.0,6.0,44.0,5.0
31,Carmolândia,170388,TO,5.0,1.0,1.0,3.0,23.0,3.0,2.0,11.0,25.0,5.0,1.0,6.0
32,Carrasco Bonito,170389,TO,38.0,12.0,1.0,6.0,2.0,2.0,,,11.0,2.0,1.0,1.0
33,Caseara,170390,TO,9.0,4.0,1.0,1.0,5.0,9.0,2.0,3.0,1.0,,3.0,6.0
34,Centenário,170410,TO,23.0,10.0,18.0,20.0,3.0,1.0,,2.0,,2.0,,5.0
35,Chapada da Natividade,170510,TO,10.0,3.0,,4.0,11.0,8.0,2.0,7.0,4.0,4.0,15.0,5.0
36,Chapada de Areia,170460,TO,1.0,13.0,4.0,,5.0,9.0,6.0,2.0,6.0,1.0,,1.0
37,Colinas do Tocantins,170550,TO,92.0,143.0,265.0,240.0,275.0,62.0,41.0,23.0,9.0,26.0,10.0,10.0
38,Colméia,171670,TO,54.0,7.0,3.0,6.0,20.0,19.0,11.0,6.0,3.0,9.0,9.0,25.0
39,Combinado,170555,TO,16.0,1.0,21.0,4.0,1.0,4.0,5.0,2.0,3.0,98.0,26.0,24.0
40,Conceição do Tocantins,170560,TO,3.0,2.0,,9.0,,28.0,1.0,4.0,10.0,27.0,2.0,31.0
41,Couto Magalhães,170600,TO,47.0,5.0,1.0,2.0,9.0,2.0,,12.0,3.0,18.0,3.0,8.0
42,Cristalândia,170610,TO,19.0,,32.0,4.0,25.0,97.0,3.0,12.0,84.0,6.0,1.0,6.0
43,Crixás do Tocantins,170625,TO,18.0,1.0,1.0,28.0,3.0,12.0,,,7.0,4.0,,1.0
44,Darcinópolis,170650,TO,9.0,2.0,,17.0,2.0,6.0,7.0,2.0,12.0,5.0,1.0,2.0
45,Dianópolis,170700,TO,19.0,2.0,113.0,35.0,32.0,105.0,9.0,106.0,384.0,133.0,39.0,170.0
46,Divinópolis do Tocantins,170710,TO,28.0,3.0,31.0,15.0,247.0,50.0,29.0,112.0,89.0,17.0,14.0,46.0
47,Dois Irmãos do Tocantins,170720,TO,30.0,11.0,14.0,7.0,22.0,22.0,13.0,29.0,81.0,11.0,4.0,28.0
48,Dueré,170730,TO,50.0,17.0,43.0,52.0,46.0,66.0,,20.0,,10.0,,14.0
49,Esperantina,170740,TO,29.0,4.0,,2.0,4.0,,1.0,1.0,5.0,17.0,11.0,4.0
50,Figueirópolis,170765,TO,45.0,,37.0,5.0,39.0,32.0,,6.0,,1.0,6.0,36.0
51,Filadélfia,170770,TO,13.0,,9.0,48.0,15.0,9.0,5.0,10.0,2.0,6.0,3.0,22.0
52,Formoso do Araguaia,170820,TO,26.0,1.0,23.0,80.0,103.0,526.0,154.0,108.0,316.0,6.0,32.0,429.0
53,Fortaleza do Tabocão,170825,TO,6.0,4.0,,10.0,11.0,5.0,13.0,12.0,30.0,10.0,4.0,7.0
54,Fátima,170755,TO,39.0,2.0,13.0,5.0,4.0,13.0,6.0,3.0,,1.0,1.0,6.0
55,Goianorte,170830,TO,11.0,28.0,23.0,17.0,20.0,7.0,9.0,11.0,26.0,3.0,1.0,6.0
56,Goiatins,170900,TO,122.0,8.0,2.0,17.0,20.0,1.0,15.0,10.0,2.0,1.0,1.0,5.0
57,Guaraí,170930,TO,92.0,97.0,14.0,74.0,65.0,47.0,48.0,22.0,61.0,83.0,14.0,114.0
58,Gurupi,170950,TO,193.0,30.0,333.0,380.0,614.0,774.0,51.0,70.0,221.0,116.0,47.0,279.0
59,Ipueiras,170980,TO,2.0,1.0,5.0,25.0,4.0,4.0,1.0,6.0,9.0,,5.0,8.0
60,Itacajá,171050,TO,4.0,19.0,12.0,54.0,1.0,29.0,30.0,2.0,23.0,2.0,58.0,12.0
61,Itaguatins,171070,TO,22.0,47.0,16.0,21.0,9.0,6.0,7.0,5.0,21.0,7.0,3.0,8.0
62,Itapiratins,171090,TO,38.0,9.0,7.0,11.0,1.0,4.0,1.0,5.0,8.0,1.0,3.0,5.0
63,Itaporã do Tocantins,171110,TO,8.0,2.0,4.0,5.0,14.0,31.0,3.0,9.0,20.0,2.0,2.0,14.0
64,Jaú do Tocantins,0,TO,,4.0,120.0,5.0,118.0,19.0,,38.0,3.0,1.0,2.0,23.0
65,Juarina,171180,TO,2.0,5.0,26.0,1.0,5.0,1.0,1.0,2.0,3.0,3.0,,1.0
66,Lagoa da Confusão,171190,TO,6.0,1.0,1.0,3.0,7.0,5.0,20.0,113.0,411.0,58.0,3.0,293.0
67,Lagoa do Tocantins,0,TO,,3.0,7.0,1.0,4.0,11.0,6.0,17.0,19.0,1.0,1.0,11.0
68,Lajeado,171200,TO,51.0,8.0,22.0,7.0,42.0,54.0,1.0,19.0,17.0,20.0,13.0,74.0
69,Lavandeira,0,TO,,42.0,128.0,7.0,2.0,1.0,11.0,1.0,,13.0,3.0,5.0
70,Lizarda,171240,TO,4.0,3.0,20.0,,12.0,1.0,2.0,,14.0,1.0,,14.0
71,Luzinópolis,171245,TO,25.0,,,9.0,4.0,7.0,1.0,1.0,2.0,,4.0,9.0
72,Marianópolis do Tocantins,171250,TO,79.0,5.0,,11.0,32.0,5.0,9.0,55.0,2.0,16.0,10.0,31.0
73,Mateiros,171270,TO,5.0,,25.0,,1.0,1.0,,1.0,1.0,2.0,2.0,5.0
74,Maurilândia do Tocantins,171280,TO,19.0,1.0,15.0,11.0,3.0,24.0,5.0,3.0,37.0,7.0,1.0,18.0
75,Miracema do Tocantins,171320,TO,198.0,41.0,42.0,29.0,252.0,137.0,51.0,112.0,161.0,20.0,9.0,31.0
76,Miranorte,171330,TO,62.0,90.0,94.0,130.0,117.0,122.0,95.0,37.0,98.0,53.0,9.0,48.0
77,Monte Santo do Tocantins,171370,TO,16.0,4.0,19.0,,11.0,2.0,,13.0,17.0,1.0,2.0,6.0
78,Monte do Carmo,171360,TO,40.0,61.0,33.0,5.0,10.0,3.0,,5.0,14.0,2.0,14.0,108.0
79,Município ignorado - TO,0,TO,,,1.0,,,,,,,,,
80,Muricilândia,171395,TO,5.0,2.0,6.0,,14.0,1.0,6.0,21.0,186.0,2.0,4.0,14.0
81,Natividade,171420,TO,100.0,2.0,65.0,5.0,14.0,26.0,1.0,17.0,13.0,7.0,155.0,54.0
82,Nazaré,171430,TO,12.0,,,,,1.0,3.0,,111.0,52.0,7.0,5.0
83,Nova Olinda,171488,TO,73.0,1.0,23.0,4.0,35.0,8.0,6.0,13.0,35.0,65.0,11.0,24.0
84,Nova Rosalândia,171500,TO,27.0,14.0,1.0,,16.0,10.0,4.0,10.0,25.0,3.0,,25.0
85,Novo Acordo,171510,TO,5.0,2.0,135.0,13.0,69.0,6.0,2.0,13.0,10.0,12.0,6.0,11.0
86,Novo Alegre,0,TO,,1.0,19.0,1.0,,35.0,3.0,13.0,37.0,27.0,,2.0
87,Novo Jardim,171525,TO,3.0,15.0,,,1.0,15.0,16.0,3.0,53.0,13.0,,50.0
88,Oliveira de Fátima,171550,TO,3.0,2.0,2.0,,,1.0,2.0,1.0,3.0,,6.0,28.0
89,Palmas,172100,TO,2599.0,1469.0,2764.0,5019.0,4930.0,3209.0,1269.0,4340.0,1982.0,1188.0,1154.0,5368.0
90,Palmeirante,171570,TO,2.0,1.0,,,11.0,,,1.0,1.0,9.0,3.0,12.0
91,Palmeiras do Tocantins,0,TO,,1.0,,1.0,15.0,34.0,2.0,2.0,4.0,4.0,1.0,4.0
92,Palmeirópolis,171575,TO,234.0,5.0,180.0,14.0,17.0,154.0,37.0,107.0,16.0,2.0,14.0,42.0
93,Paranã,171620,TO,9.0,9.0,5.0,119.0,6.0,16.0,25.0,89.0,15.0,88.0,5.0,88.0
94,Paraíso do Tocantins,171610,TO,630.0,76.0,579.0,280.0,375.0,96.0,159.0,228.0,134.0,76.0,62.0,568.0
95,Pau D'Arco,171630,TO,1.0,6.0,2.0,1.0,13.0,13.0,2.0,10.0,3.0,3.0,,1.0
96,Pedro Afonso,171650,TO,35.0,12.0,21.0,6.0,88.0,39.0,10.0,33.0,23.0,34.0,10.0,66.0
97,Peixe,171660,TO,11.0,1.0,18.0,8.0,39.0,68.0,19.0,6.0,10.0,3.0,1.0,170.0
98,Pequizeiro,171665,TO,37.0,24.0,2.0,2.0,3.0,12.0,,6.0,,14.0,4.0,21.0
99,Pindorama do Tocantins,171700,TO,69.0,1.0,14.0,9.0,4.0,15.0,2.0,6.0,46.0,5.0,48.0,19.0
100,Piraquê,171720,TO,5.0,,1.0,4.0,26.0,7.0,3.0,2.0,9.0,4.0,,2.0
101,Pium,171750,TO,89.0,4.0,237.0,18.0,30.0,70.0,45.0,92.0,174.0,43.0,6.0,11.0
102,Ponte Alta do Bom Jesus,171780,TO,9.0,5.0,85.0,1.0,,11.0,3.0,8.0,4.0,6.0,5.0,73.0
103,Ponte Alta do Tocantins,171790,TO,11.0,1.0,96.0,10.0,44.0,12.0,8.0,13.0,53.0,3.0,2.0,48.0
104,Porto Alegre do Tocantins,171800,TO,4.0,2.0,31.0,3.0,1.0,11.0,1.0,10.0,,2.0,8.0,23.0
105,Porto Nacional,171820,TO,177.0,276.0,831.0,114.0,121.0,91.0,62.0,118.0,61.0,54.0,107.0,1353.0
106,Praia Norte,171830,TO,31.0,7.0,5.0,12.0,11.0,31.0,,1.0,61.0,56.0,9.0,46.0
107,Presidente Kennedy,171840,TO,19.0,8.0,,29.0,4.0,1.0,4.0,8.0,10.0,27.0,,4.0
108,Pugmil,171845,TO,22.0,6.0,21.0,6.0,15.0,12.0,9.0,19.0,3.0,5.0,4.0,21.0
109,Recursolândia,171850,TO,2.0,2.0,6.0,,2.0,2.0,,1.0,19.0,,2.0,13.0
110,Riachinho,171855,TO,80.0,1.0,1.0,17.0,19.0,3.0,1.0,17.0,3.0,3.0,,11.0
111,Rio Sono,171875,TO,8.0,2.0,2.0,,4.0,5.0,6.0,17.0,3.0,8.0,1.0,12.0
112,Rio da Conceição,171865,TO,2.0,1.0,,,4.0,15.0,2.0,19.0,36.0,54.0,,8.0
113,Rio dos Bois,171870,TO,15.0,5.0,,15.0,36.0,16.0,5.0,15.0,27.0,14.0,15.0,28.0
114,Sampaio,171880,TO,45.0,27.0,10.0,23.0,4.0,3.0,1.0,6.0,6.0,12.0,2.0,5.0
115,Sandolândia,171884,TO,14.0,7.0,84.0,,6.0,84.0,46.0,18.0,13.0,3.0,4.0,38.0
116,Santa Fé do Araguaia,171886,TO,8.0,,,16.0,12.0,1.0,8.0,5.0,13.0,6.0,2.0,16.0
117,Santa Maria do Tocantins,171888,TO,7.0,41.0,25.0,1.0,42.0,13.0,,7.0,18.0,6.0,5.0,
118,Santa Rita do Tocantins,171889,TO,19.0,1.0,1.0,1.0,12.0,,,,,,,11.0
119,Santa Rosa do Tocantins,171890,TO,233.0,2.0,192.0,29.0,11.0,28.0,,2.0,6.0,2.0,5.0,32.0
120,Santa Tereza do Tocantins,171900,TO,4.0,2.0,25.0,40.0,11.0,4.0,,5.0,4.0,2.0,4.0,17.0
121,Santa Terezinha do Tocantins,172000,TO,24.0,1.0,4.0,7.0,2.0,5.0,2.0,,3.0,10.0,10.0,
122,Silvanópolis,172065,TO,7.0,8.0,59.0,145.0,30.0,4.0,3.0,12.0,70.0,6.0,3.0,52.0
123,Sucupira,172085,TO,20.0,2.0,2.0,2.0,3.0,22.0,1.0,2.0,2.0,1.0,,11.0
124,São Bento do Tocantins,172010,TO,42.0,,4.0,16.0,13.0,7.0,2.0,2.0,20.0,3.0,,16.0
125,São Félix do Tocantins,172015,TO,1.0,1.0,1.0,,4.0,1.0,1.0,1.0,,1.0,1.0,4.0
126,São Miguel do Tocantins,172020,TO,66.0,25.0,9.0,4.0,9.0,7.0,3.0,18.0,53.0,12.0,,22.0
127,São Salvador do Tocantins,172025,TO,130.0,2.0,77.0,3.0,17.0,80.0,7.0,5.0,11.0,8.0,2.0,1.0
128,São Sebastião do Tocantins,172030,TO,18.0,9.0,12.0,4.0,26.0,14.0,,1.0,,3.0,2.0,8.0
129,São Valério,0,TO,,3.0,2.0,,2.0,15.0,2.0,17.0,34.0,17.0,1.0,70.0
130,Sítio Novo do Tocantins,172080,TO,54.0,15.0,19.0,63.0,45.0,10.0,13.0,14.0,42.0,10.0,2.0,7.0
131,Taguatinga,0,TO,,192.0,336.0,23.0,19.0,33.0,8.0,32.0,21.0,7.0,13.0,23.0
132,Taipas do Tocantins,172093,TO,4.0,1.0,37.0,1.0,1.0,23.0,6.0,4.0,1.0,,1.0,90.0
133,Talismã,172097,TO,1.0,1.0,8.0,,5.0,70.0,75.0,3.0,1.0,4.0,36.0,39.0
134,Tocantinópolis,172120,TO,208.0,180.0,99.0,304.0,308.0,157.0,84.0,117.0,318.0,140.0,26.0,138.0
135,Tocantínia,172110,TO,120.0,11.0,28.0,37.0,147.0,238.0,41.0,11.0,61.0,24.0,10.0,59.0
136,Tupirama,172125,TO,1.0,5.0,,1.0,15.0,6.0,6.0,6.0,9.0,,,28.0
137,Tupiratins,172130,TO,3.0,3.0,,2.0,7.0,1.0,,,,1.0,,5.0
138,Wanderlândia,172208,TO,90.0,17.0,3.0,,1.0,3.0,2.0,7.0,13.0,8.0,2.0,9.0
139,Xambioá,172210,TO,94.0,11.0,,7.0,18.0,22.0,1.0,4.0,11.0,1.0,1.0,15.0
