Localidade	"Número de moradias permanentes
(habitações) (IBGE)"	"Número de moradias permanentes em áreas urbanas
(habitações) (IBGE)"	"Número de pessoas por moradia
(pessoas por moradia) (IBGE)"	"Número de pessoas por moradia (área urbana)
(pessoas por moradia) (IBGE)"	"PIB, em R$ milhões a preços de 2017
(R$ milhões a preços de 2019) (IBGE)"	"PIB per capita, em R$ a preços de 2017
(R$ por habitante a preços de 2019) (IBGE)"	"Área do município
(km²) (IBGE)"	"Densidade demográfica (pessoas por km²)
(Pessoas por km²) (IBGE)"
Ariquemes (Município) (110002)	27.955	23.707	3,28	3,27	2.491,390	27.207,44	4.426,570	20,69
Cacoal (Município) (110004)	24.884	20.033	3,17	3,11	1.898,870	24.048,80	3.792,950	20,82
Jaru (Município) (110011)	16.364	11.316	3,17	3,10	1.299,510	25.046,86	2.944,130	17,62
Ji-Paraná (Município) (110012)	36.586	33.305	3,21	3,17	3.101,210	26.424,06	6.896,650	17,02
Porto Velho (Município) (110020)	122.777	113.194	3,55	3,51	16.800,310	38.556,52	34.090,960	12,78
Rolim de Moura (Município) (110028)	16.256	13.424	3,13	3,10	1.140,660	22.410,36	1.457,890	34,91
Vilhena (Município) (110030)	24.237	23.078	3,22	3,20	2.249,460	28.862,50	11.699,150	6,66
Cruzeiro do Sul (Município) (120020)	19.318	14.114	4,10	3,95	1.143,950	14.448,55	8.779,400	9,02
Rio Branco (Município) (120040)	97.876	90.032	3,50	3,49	8.320,310	24.307,14	8.834,940	38,74
Careiro da Várzea (Município) (130115)	5.916	270	4,13	3,78	362,140	14.816,37	2.627,470	9,30
Coari (Município) (130120)	15.662	10.854	4,89	4,62	4.953,150	64.623,72	57.970,770	1,32
Humaitá (Município) (130170)	10.131	7.317	4,45	4,25	435,440	9.653,97	33.111,160	1,36
Iranduba (Município) (130185)	10.101	7.099	4,10	4,14	577,230	13.951,45	2.216,820	18,66
Itacoatiara (Município) (130190)	20.484	13.923	4,29	4,23	1.694,280	19.259,69	8.891,910	9,89
Manacapuru (Município) (130250)	18.719	13.538	4,60	4,49	1.341,520	15.584,96	7.336,580	11,73
Manaus (Município) (130260)	483.012	480.166	3,79	3,80	83.748,720	45.703,79	11.401,090	160,72
Manicoré (Município) (130270)	9.838	4.507	4,85	4,58	498,010	10.438,90	48.315,020	0,99
Maués (Município) (130290)	10.318	5.350	5,15	4,91	455,460	8.565,61	39.991,070	1,33
Novo Airão (Município) (130320)	3.267	2.181	4,63	4,47	110,220	7.292,85	37.805,260	0,40
Parintins (Município) (130340)	21.415	15.001	4,81	4,70	1.161,920	11.286,74	5.956,370	17,28
Presidente Figueiredo (Município) (130353)	7.441	3.506	3,75	3,81	843,170	30.192,88	25.412,270	1,10
Rio Preto da Eva (Município) (130356)	6.296	3.004	4,18	4,16	405,280	15.384,13	5.815,620	4,53
Tabatinga (Município) (130406)	10.332	7.954	5,17	4,67	443,660	8.312,27	3.266,060	16,34
Tefé (Município) (130420)	12.533	10.416	4,88	4,79	814,060	13.296,65	23.692,220	2,58
Boa Vista (Município) (140010)	79.091	77.838	3,68	3,65	8.355,300	28.737,95	5.687,040	51,12
Abaetetuba (Município) (150010)	32.199	19.907	4,43	4,22	1.070,650	7.498,35	1.610,400	88,66
Acará (Município) (150020)	12.274	3.155	4,37	4,01	759,710	14.152,54	4.343,810	12,36
Alenquer (Município) (150040)	12.576	6.977	4,21	4,00	544,030	10.263,94	23.645,450	2,24
Altamira (Município) (150060)	27.537	23.689	3,66	3,61	1.942,850	19.286,51	159.533,330	0,63
Ananindeua (Município) (150080)	130.563	131.232	3,66	3,63	6.985,200	14.613,42	190,450	2.509,83
Barcarena (Município) (150130)	25.821	9.267	3,98	4,03	3.710,790	36.143,60	1.310,590	78,34
Belém (Município) (150140)	376.385	373.546	3,73	3,72	32.316,130	23.049,10	1.059,460	1.323,37
Benevides (Município) (150150)	14.211	7.917	3,72	3,74	1.007,250	19.044,91	187,830	281,58
Bragança (Município) (150170)	27.245	18.015	4,21	4,08	924,500	8.058,79	2.091,930	54,84
Breu Branco (Município) (150178)	12.720	7.369	4,25	4,09	928,160	17.177,89	3.941,910	13,71
Breves (Município) (150180)	18.267	10.114	5,14	4,65	641,980	6.841,61	9.563,010	9,81
Cametá (Município) (150210)	24.509	11.483	5,01	4,67	837,970	6.830,36	3.081,370	39,81
Capanema (Município) (150220)	17.539	14.326	3,66	3,57	1.012,000	15.778,05	614,690	104,34
Capitão Poço (Município) (150230)	13.489	5.997	3,86	3,59	384,830	7.392,44	2.899,550	17,95
Castanhal (Município) (150240)	47.221	42.329	3,73	3,69	2.895,650	16.441,75	1.028,890	171,17
Dom Eliseu (Município) (150293)	13.589	8.925	3,84	3,71	606,970	11.622,45	5.268,820	9,91
Igarapé-Miri (Município) (150330)	12.491	6.101	4,68	4,33	412,270	7.047,52	1.996,790	29,30
Ipixuna do Pará (Município) (150345)	11.822	3.049	4,51	4,17	752,400	14.111,63	5.215,560	10,22
Itaituba (Município) (150360)	24.825	17.998	3,94	3,94	1.403,120	14.360,91	62.042,470	1,57
Itupiranga (Município) (150370)	13.129	5.180	3,91	3,96	410,090	7.987,62	7.880,110	6,52
Jacundá (Município) (150380)	13.085	11.686	3,99	3,97	454,560	8.709,55	2.008,320	25,99
Juruti (Município) (150390)	9.867	3.549	4,90	4,58	856,870	17.738,47	8.305,130	5,82
Marabá (Município) (150420)	62.960	51.011	3,79	3,73	5.765,870	24.154,51	15.128,060	15,78
Marituba (Município) (150442)	28.427	28.311	3,90	3,87	1.250,740	11.283,99	103,340	1.072,56
Moju (Município) (150470)	16.257	6.120	4,39	4,19	726,380	10.183,54	9.094,140	7,84
Monte Alegre (Município) (150480)	14.282	6.599	3,90	3,73	559,750	10.060,99	18.152,560	3,06
Novo Repartimento (Município) (150506)	15.782	7.268	4,03	3,94	618,970	9.731,64	15.398,720	4,13
Óbidos (Município) (150510)	11.766	6.346	4,21	4,03	486,770	9.823,35	28.021,440	1,77
Oriximiná (Município) (150530)	14.214	9.217	4,50	4,43	2.459,530	38.487,32	107.603,660	0,59
Paragominas (Município) (150550)	25.933	20.772	3,84	3,75	2.542,220	25.560,19	19.342,250	5,14
Parauapebas (Município) (150553)	44.372	40.701	3,61	3,55	31.693,450	197.800,96	6.886,210	23,27
Portel (Município) (150580)	10.026	5.216	5,31	4,86	437,930	8.222,94	25.384,960	2,10
Redenção (Município) (150613)	21.049	19.642	3,63	3,61	1.290,650	16.870,96	3.823,810	20,01
Rondon do Pará (Município) (150618)	13.027	9.812	3,65	3,58	587,650	12.369,18	8.246,390	5,76
Santa Bárbara do Pará (Município) (150635)	4.635	1.455	3,79	3,85	129,920	7.388,28	278,150	63,22
Santa Izabel do Pará (Município) (150650)	15.875	12.192	3,82	3,60	653,890	10.770,12	717,660	84,60
Santana do Araguaia (Município) (150670)	14.532	7.609	4,00	4,03	568,260	9.786,25	11.591,460	5,01
Santarém (Município) (150680)	72.721	55.060	4,08	3,95	3.924,110	13.210,73	17.898,390	16,60
São Félix do Xingu (Município) (150730)	23.400	11.879	4,09	3,98	877,560	9.170,46	84.212,850	1,14
São Miguel do Guamá (Município) (150760)	13.146	8.545	3,98	3,79	553,320	10.569,61	1.110,180	47,15
Tailândia (Município) (150795)	17.137	12.728	4,81	4,80	742,480	9.006,95	4.430,220	18,61
Tomé-Açu (Município) (150800)	14.163	8.099	4,04	3,95	598,950	10.466,03	5.145,360	11,12
Tucuruí (Município) (150810)	24.482	23.555	4,04	4,00	4.222,190	42.683,30	2.086,190	47,42
Ulianópolis (Município) (150812)	8.901	6.058	5,08	4,91	1.212,180	26.824,10	5.088,470	8,88
Vigia (Município) (150820)	12.249	8.181	3,96	4,00	328,510	6.775,89	539,080	89,93
Viseu (Município) (150830)	12.850	4.251	4,45	4,36	425,420	7.444,26	4.915,070	11,63
Macapá (Município) (160030)	99.026	94.820	4,11	4,11	9.346,240	22.962,43	6.503,460	62,59
Santana (Município) (160060)	23.198	22.724	4,43	4,43	1.922,200	18.687,31	1.541,220	66,74
Araguaína (Município) (170210)	45.269	43.133	3,39	3,38	3.227,300	21.045,22	4.000,420	38,33
Gurupi (Município) (170950)	24.015	23.485	3,23	3,23	1.900,130	24.468,82	1.836,090	42,29
Paraíso do Tocantins (Município) (171610)	13.877	13.251	3,25	3,25	970,390	21.538,41	1.268,060	35,53
Porto Nacional (Município) (171820)	14.203	12.204	3,48	3,50	1.055,210	21.332,46	4.449,920	11,12
Palmas (Município) (172100)	71.595	69.672	3,29	3,28	6.646,950	28.246,90	2.218,940	106,05
Açailândia (Município) (210005)	28.271	21.317	3,72	3,71	1.686,960	16.027,37	5.806,440	18,13
Alcântara (Município) (210020)	6.240	1.740	3,46	3,63	120,140	5.571,43	1.457,920	14,79
Bacabal (Município) (210120)	26.989	21.400	3,73	3,66	979,460	9.734,73	1.683,070	59,78
Balsas (Município) (210140)	21.889	19.310	3,90	3,85	2.320,690	27.199,14	13.141,760	6,49
Barra do Corda (Município) (210160)	22.244	14.262	3,75	3,65	575,320	6.893,87	5.190,340	16,08
Barreirinhas (Município) (210170)	12.557	5.377	4,47	4,19	361,520	6.441,57	3.026,540	18,54
Buriticupu (Município) (210232)	15.416	8.673	4,30	4,20	465,410	7.017,01	2.545,440	26,06
Caxias (Município) (210300)	41.283	31.861	3,79	3,75	1.640,020	10.490,95	5.196,770	30,08
Chapadinha (Município) (210320)	18.133	13.431	4,10	3,99	582,560	7.843,46	3.247,390	22,87
Codó (Município) (210330)	30.396	21.063	3,90	3,87	975,180	8.224,62	4.361,340	27,19
Coroatá (Município) (210360)	16.364	11.794	3,80	3,68	380,540	6.119,00	2.263,770	27,47
Grajaú (Município) (210480)	15.347	9.433	4,12	4,00	574,180	9.084,71	8.863,570	7,13
Imperatriz (Município) (210530)	70.503	67.403	3,53	3,50	4.919,920	19.774,11	1.368,990	181,74
Itapecuru Mirim (Município) (210540)	16.141	9.182	3,90	3,83	494,470	7.845,68	1.471,440	42,83
Paço do Lumiar (Município) (210750)	27.862	21.353	3,87	3,78	660,620	6.130,25	125,260	860,33
Pinheiro (Município) (210860)	20.053	12.231	3,93	3,84	652,540	8.272,94	1.512,970	52,13
Raposa (Município) (210945)	6.729	4.244	4,02	4,04	168,540	6.233,76	66,400	407,18
Santa Inês (Município) (210990)	20.836	19.896	3,74	3,71	1.045,270	13.397,47	786,690	99,18
Santa Luzia (Município) (211000)	17.964	6.650	4,15	3,90	633,650	8.505,31	4.837,040	15,40
São José de Ribamar (Município) (211120)	43.722	9.087	3,78	4,21	1.408,110	8.512,41	385,780	428,79
São Luís (Município) (211130)	283.547	268.012	3,62	3,62	30.093,220	29.289,80	834,830	1.230,71
Timon (Município) (211220)	41.612	36.313	3,78	3,77	1.492,070	9.477,16	1.764,610	89,22
Tutóia (Município) (211250)	11.671	4.332	4,60	4,39	296,120	5.511,79	1.651,650	32,53
Vargem Grande (Município) (211270)	11.403	6.543	4,43	4,17	265,650	5.256,09	1.957,750	25,82
Viana (Município) (211280)	12.675	7.022	3,94	3,86	308,860	6.191,71	1.168,440	42,69
Zé Doca (Município) (211400)	12.209	7.872	4,23	4,03	420,440	8.145,61	2.140,110	24,12
Altos (Município) (220040)	10.624	7.625	3,67	3,61	268,840	6.887,81	957,650	40,76
Beneditinos (Município) (220160)	2.838	1.816	3,50	3,45	55,240	5.564,13	788,580	12,59
Coivaras (Município) (220273)	1.044	347	3,68	3,41	23,590	6.140,39	485,500	7,91
Curralinhos (Município) (220325)	1.129	366	3,74	3,67	21,230	5.024,03	345,850	12,22
Demerval Lobão (Município) (220330)	3.887	3.207	3,43	3,41	76,760	5.754,46	216,810	61,52
Floriano (Município) (220390)	16.534	14.402	3,50	3,48	968,140	16.712,76	3.409,650	16,99
José de Freitas (Município) (220550)	9.457	5.564	3,96	3,92	285,410	7.629,33	1.538,170	24,32
Lagoa Alegre (Município) (220555)	2.007	777	4,03	3,96	45,150	5.575,92	394,660	20,52
Lagoa do Piauí (Município) (220558)	1.089	486	3,57	3,47	85,320	21.922,10	426,630	9,12
Miguel Leão (Município) (220630)	343	233	3,63	3,67	12,200	9.796,69	93,520	13,31
Monsenhor Gil (Município) (220640)	2.921	1.548	3,54	3,43	107,550	10.406,12	582,550	17,74
Nazária (Município) (220672)	2.254	467	3,62	3,57	50,550	6.202,73	363,590	22,41
Parnaíba (Município) (220770)	39.622	37.575	3,70	3,68	1.650,090	11.245,31	434,230	337,92
Pau D'Arco do Piauí (Município) (220779)	1.055	171	3,61	3,30	20,270	5.322,88	430,820	8,84
Picos (Município) (220800)	21.735	17.382	3,45	3,43	1.188,860	15.858,42	577,300	129,86
Piripiri (Município) (220840)	17.400	12.806	3,56	3,49	541,180	8.733,89	1.408,930	43,98
Teresina (Município) (221100)	226.816	214.546	3,63	3,61	18.361,300	22.327,47	1.391,980	590,79
União (Município) (221110)	11.092	5.549	3,87	3,80	351,420	8.196,80	1.173,450	36,54
Acaraú (Município) (230020)	15.111	7.634	3,85	3,74	585,440	10.057,34	842,560	69,09
Acopiara (Município) (230030)	15.478	8.124	3,33	3,12	388,060	7.539,72	2.265,350	22,72
Aquiraz (Município) (230100)	20.408	19.093	3,60	3,56	1.324,030	17.998,79	481,600	152,75
Aracati (Município) (230110)	20.404	13.251	3,42	3,35	1.070,160	15.338,19	1.228,060	56,81
Barbalha (Município) (230190)	15.129	10.614	3,70	3,62	767,220	13.710,14	569,510	98,26
Beberibe (Município) (230220)	14.517	6.493	3,43	3,36	633,060	12.700,25	1.623,880	30,70
Boa Viagem (Município) (230240)	15.612	8.360	3,37	3,19	414,980	7.879,32	2.836,780	18,57
Camocim (Município) (230260)	16.162	12.241	3,74	3,67	602,010	9.947,32	1.124,780	53,81
Canindé (Município) (230280)	20.550	13.461	3,64	3,50	651,090	8.698,97	3.218,480	23,26
Cascavel (Município) (230350)	19.373	16.575	3,45	3,42	786,650	11.770,22	835,000	80,04
Caucaia (Município) (230370)	91.808	82.544	3,60	3,57	4.951,540	14.965,88	1.228,510	269,31
Chorozinho (Município) (230395)	5.646	3.472	3,35	3,29	154,920	8.183,65	278,410	68,00
Crateús (Município) (230410)	22.348	16.411	3,26	3,21	687,940	9.429,16	2.985,150	24,44
Crato (Município) (230420)	34.950	29.459	3,51	3,46	1.529,430	12.463,03	1.176,470	104,31
Eusébio (Município) (230428)	13.088	13.106	3,59	3,59	2.405,720	51.152,96	79,010	595,28
Fortaleza (Município) (230440)	731.239	731.239	3,39	3,39	62.431,590	25.208,70	314,930	7.863,93
Granja (Município) (230470)	13.623	7.100	3,83	3,62	303,510	5.811,84	2.663,030	19,61
Guaiúba (Município) (230495)	6.591	5.198	3,70	3,68	170,780	6.995,06	267,130	91,39
Horizonte (Município) (230523)	16.151	15.059	3,52	3,49	1.820,280	32.030,26	160,760	353,50
Icó (Município) (230540)	18.784	9.126	3,50	3,35	511,490	7.787,31	1.872,000	35,09
Iguatu (Município) (230550)	29.654	23.039	3,28	3,27	1.463,790	15.039,34	1.029,210	94,57
Itaitinga (Município) (230625)	9.574	9.517	3,79	3,79	365,550	10.063,64	151,630	239,55
Itapajé (Município) (230630)	13.330	9.512	3,67	3,61	1.078,570	22.052,99	430,570	113,59
Itapipoca (Município) (230640)	30.838	18.430	3,82	3,68	1.210,730	10.284,80	1.614,160	72,93
Juazeiro do Norte (Município) (230730)	71.284	68.766	3,55	3,53	3.733,570	14.766,49	248,830	1.016,11
Limoeiro do Norte (Município) (230760)	17.667	10.423	3,21	3,14	810,440	14.274,92	750,070	75,69
Maracanaú (Município) (230765)	59.619	59.317	3,54	3,54	7.549,910	35.736,36	106,650	1.980,97
Maranguape (Município) (230770)	29.833	23.106	3,87	3,80	1.306,080	11.311,45	590,870	195,41
Morada Nova (Município) (230870)	18.791	10.979	3,29	3,22	658,830	10.645,87	2.778,580	22,27
Pacajus (Município) (230960)	18.118	15.025	3,49	3,45	1.051,660	16.639,63	254,640	248,21
Pacatuba (Município) (230970)	19.272	16.665	3,83	3,81	956,640	12.948,44	131,990	559,73
Pindoretama (Município) (231085)	5.518	3.378	3,44	3,39	166,930	8.799,44	75,140	252,46
Quixadá (Município) (231130)	22.812	16.611	3,57	3,50	943,960	11.590,15	2.019,830	40,32
Quixeramobim (Município) (231140)	21.144	13.107	3,45	3,36	794,760	10.907,15	3.275,630	22,24
Russas (Município) (231180)	21.031	13.829	3,37	3,30	982,420	13.877,18	1.590,260	44,52
São Gonçalo do Amarante (Município) (231240)	12.390	8.129	3,59	3,56	893,280	20.062,08	834,450	53,36
Sobral (Município) (231290)	52.047	46.180	3,66	3,65	4.028,740	21.123,38	2.122,900	89,84
Tauá (Município) (231330)	16.743	10.076	3,35	3,22	516,020	9.211,81	4.018,160	13,94
Tianguá (Município) (231340)	18.774	12.760	3,71	3,63	809,160	11.605,32	908,890	76,71
Trairi (Município) (231350)	13.786	5.224	3,77	3,63	468,610	9.020,01	925,720	56,12
Viçosa do Ceará (Município) (231410)	13.960	4.926	3,99	3,67	371,420	6.669,73	1.311,630	42,46
Açu (Município) (240020)	15.280	11.373	3,51	3,49	913,270	17.027,26	1.303,440	41,15
Caicó (Município) (240200)	19.127	17.627	3,30	3,28	1.010,150	15.996,49	1.228,580	51,40
Ceará-Mirim (Município) (240260)	17.856	9.438	3,84	3,79	731,850	10.671,50	724,380	94,67
Parnamirim (Município) (240325)	61.980	62.032	3,36	3,36	4.474,010	21.465,72	123,470	1.688,06
Extremoz (Município) (240360)	6.687	4.388	3,73	3,65	283,330	11.354,44	139,580	178,78
Macaíba (Município) (240710)	20.016	12.451	3,53	3,48	1.628,630	23.072,73	510,770	138,20
Monte Alegre (Município) (240780)	5.866	2.622	3,55	3,46	167,400	8.038,51	210,920	98,74
Mossoró (Município) (240800)	75.390	69.135	3,49	3,48	7.667,480	29.115,82	2.099,330	125,44
Natal (Município) (240810)	242.601	242.601	3,34	3,34	22.173,630	27.348,52	167,260	4.847,31
Nísia Floresta (Município) (240820)	6.565	2.660	3,68	3,58	281,220	11.645,16	307,840	78,45
São Gonçalo do Amarante (Município) (241200)	25.121	21.413	3,54	3,51	2.138,820	24.019,50	249,120	357,43
São José de Mipibu (Município) (241220)	11.111	5.191	3,61	3,55	700,440	17.445,66	290,330	138,29
Vera Cruz (Município) (241480)	2.863	1.282	3,80	3,72	87,240	8.012,56	83,890	129,79
Alhandra (Município) (250060)	5.131	3.239	3,54	3,47	397,700	21.890,01	182,660	99,46
Bayeux (Município) (250180)	28.556	28.350	3,51	3,50	1.291,870	12.901,00	27,540	3.636,58
Caaporã (Município) (250300)	5.586	4.842	3,67	3,65	504,130	24.579,67	150,170	136,58
Cabedelo (Município) (250320)	17.593	17.621	3,36	3,35	2.497,640	42.258,39	31,920	1.851,92
Cajazeiras (Município) (250370)	17.676	14.526	3,33	3,29	926,940	15.765,97	565,900	103,89
Campina Grande (Município) (250400)	114.403	109.491	3,39	3,37	8.308,180	21.432,49	593,030	653,67
Conde (Município) (250460)	5.930	4.026	3,67	3,66	582,700	26.750,10	172,950	125,95
Cruz do Espírito Santo (Município) (250490)	4.301	2.004	3,76	3,69	133,650	8.271,25	191,100	84,55
Guarabira (Município) (250630)	16.610	14.824	3,35	3,32	820,690	14.745,52	165,740	335,80
João Pessoa (Município) (250750)	220.219	219.526	3,33	3,33	17.970,950	24.511,80	211,480	3.466,86
Lucena (Município) (250860)	3.178	2.792	3,74	3,68	140,930	11.860,79	88,550	134,19
Mamanguape (Município) (250890)	11.830	9.731	3,60	3,54	511,680	12.010,72	340,480	125,12
Patos (Município) (251080)	29.529	28.639	3,43	3,42	1.356,470	13.382,87	473,060	214,26
Pedras de Fogo (Município) (251120)	7.557	4.735	3,62	3,50	500,860	18.286,82	404,880	67,65
Pitimbu (Município) (251190)	4.834	3.047	3,57	3,46	152,710	8.846,63	136,440	126,52
Rio Tinto (Município) (251290)	6.777	4.014	3,40	3,26	246,140	10.688,84	465,670	49,45
Santa Rita (Município) (251370)	34.290	29.845	3,53	3,50	2.128,860	17.569,80	730,210	165,93
Sapé (Município) (251530)	14.359	11.185	3,51	3,42	540,230	10.727,81	315,530	159,60
Sousa (Município) (251620)	19.190	15.207	3,45	3,43	944,620	14.283,05	738,550	89,55
Abreu e Lima (Município) (260005)	28.960	26.707	3,27	3,26	1.427,030	15.046,28	126,190	751,57
Araçoiaba (Município) (260105)	4.988	4.221	3,69	3,66	112,710	6.128,62	96,380	190,81
Araripina (Município) (260110)	21.222	13.414	3,67	3,52	734,300	9.439,01	2.037,390	38,18
Arcoverde (Município) (260120)	20.763	19.080	3,34	3,31	807,050	11.637,99	323,370	214,45
Belo Jardim (Município) (260170)	22.852	18.705	3,18	3,13	1.390,920	19.127,27	647,700	112,27
Bezerros (Município) (260190)	19.843	17.061	2,96	2,92	659,660	11.224,89	490,820	119,73
Brejo da Madre de Deus (Município) (260260)	13.664	10.668	3,35	3,33	291,690	6.379,58	762,350	59,98
Buíque (Município) (260280)	13.516	5.902	3,90	3,63	381,460	7.236,22	1.320,870	39,91
Cabo de Santo Agostinho (Município) (260290)	54.980	50.328	3,40	3,37	8.322,440	44.467,23	448,740	417,08
Camaragibe (Município) (260345)	43.471	43.524	3,35	3,35	1.348,360	9.255,88	51,260	2.842,07
Carpina (Município) (260400)	22.057	21.310	3,43	3,42	1.165,710	15.397,82	147,670	512,69
Caruaru (Município) (260410)	99.125	88.431	3,22	3,21	5.941,260	18.590,83	920,610	347,14
Escada (Município) (260520)	18.654	16.204	3,43	3,35	700,220	10.947,20	342,200	186,92
Garanhuns (Município) (260600)	38.467	34.666	3,39	3,35	2.060,640	15.814,23	458,550	284,16
Goiana (Município) (260620)	22.107	17.264	3,44	3,38	1.488,490	19.588,78	445,810	170,45
Gravatá (Município) (260640)	24.134	21.791	3,20	3,17	975,340	12.639,77	506,790	152,26
Igarassu (Município) (260680)	30.555	28.259	3,39	3,37	2.142,620	20.694,25	305,560	338,84
Ipojuca (Município) (260720)	22.718	17.388	3,62	3,50	8.735,350	106.170,01	527,110	156,09
Ilha de Itamaracá (Município) (260760)	5.577	5.218	4,01	3,33	193,340	8.651,52	66,680	335,12
Itapissuma (Município) (260775)	6.647	5.457	3,62	3,40	776,860	32.301,67	74,240	323,97
Jaboatão dos Guararapes (Município) (260790)	202.747	198.851	3,20	3,20	13.097,780	20.157,00	258,690	2.511,80
Limoeiro (Município) (260890)	16.881	13.656	3,28	3,26	595,780	10.755,95	273,740	202,35
Moreno (Município) (260940)	16.949	15.180	3,38	3,34	569,160	9.938,09	196,070	292,09
Olinda (Município) (260960)	116.528	114.474	3,25	3,24	5.865,980	15.496,40	41,680	9.081,79
Ouricuri (Município) (260990)	17.058	9.140	3,81	3,60	502,100	7.731,26	2.381,580	27,27
Palmares (Município) (261000)	15.974	12.787	3,74	3,68	835,750	13.972,73	339,290	176,29
Paudalho (Município) (261060)	14.614	10.435	3,55	3,51	529,540	10.215,83	274,780	188,64
Paulista (Município) (261070)	93.301	93.415	3,25	3,25	4.107,390	13.537,83	97,310	3.117,82
Pesqueira (Município) (261090)	18.953	14.077	3,34	3,23	585,390	9.244,92	980,880	64,55
Petrolina (Município) (261110)	82.781	63.155	3,62	3,54	5.702,830	19.025,18	4.561,870	65,71
Recife (Município) (261160)	484.764	484.764	3,19	3,19	56.755,180	36.698,73	218,440	7.079,98
Salgueiro (Município) (261220)	15.500	12.629	3,68	3,64	1.331,010	23.354,41	1.686,810	33,79
Santa Cruz do Capibaribe (Município) (261250)	26.739	26.134	3,36	3,36	1.285,840	14.323,28	335,310	267,73
São Bento do Una (Município) (261300)	15.105	8.279	3,56	3,41	740,870	13.758,73	719,150	74,88
São Lourenço da Mata (Município) (261370)	31.203	29.446	3,33	3,32	1.201,560	11.569,72	262,110	396,23
Serra Talhada (Município) (261390)	23.716	18.723	3,37	3,30	1.360,450	17.033,11	2.980,010	26,80
Surubim (Município) (261450)	18.021	13.703	3,28	3,25	667,540	11.286,74	252,860	233,90
Timbaúba (Município) (261530)	15.612	13.752	3,43	3,36	784,720	14.643,28	292,990	182,91
Vitória de Santo Antão (Município) (261640)	40.594	35.882	3,23	3,18	2.698,440	20.610,77	335,940	389,72
Arapiraca (Município) (270030)	60.104	51.190	3,60	3,58	3.299,310	15.266,96	345,660	625,21
Barra de Santo Antônio (Município) (270050)	3.624	3.394	3,99	3,96	123,020	8.513,11	131,630	109,78
Barra de São Miguel (Município) (270060)	2.088	1.827	3,67	3,61	129,420	16.882,25	76,620	100,06
Campo Alegre (Município) (270140)	11.265	5.208	4,58	4,32	454,540	8.811,66	312,710	164,96
Coqueiro Seco (Município) (270220)	1.566	1.417	3,55	3,53	35,470	6.382,67	39,610	140,30
Coruripe (Município) (270230)	13.918	12.378	3,79	3,76	1.588,790	30.138,75	898,630	58,66
Delmiro Gouveia (Município) (270240)	13.640	9.993	3,56	3,52	703,810	14.513,54	626,690	77,38
Maceió (Município) (270430)	286.179	286.034	3,30	3,30	21.235,740	22.516,71	509,550	1.850,86
Marechal Deodoro (Município) (270470)	12.640	11.984	3,70	3,68	1.552,640	33.208,73	332,140	140,77
Messias (Município) (270520)	4.053	3.651	3,94	3,98	155,370	9.731,37	114,160	139,86
Palmeira dos Índios (Município) (270630)	21.073	15.658	3,35	3,30	791,940	11.224,30	450,960	156,46
Paripueira (Município) (270644)	2.932	2.602	3,96	3,95	112,340	9.683,29	92,850	124,94
Penedo (Município) (270670)	16.889	12.819	3,59	3,53	710,800	11.722,00	689,880	87,90
Pilar (Município) (270690)	9.088	8.682	3,68	3,68	568,780	16.995,29	251,070	133,30
Rio Largo (Município) (270770)	19.221	15.789	3,58	3,56	918,290	13.330,79	293,820	234,45
Santa Luzia do Norte (Município) (270790)	1.934	1.746	3,58	3,55	115,850	16.717,60	28,860	240,15
São Miguel dos Campos (Município) (270860)	14.554	14.086	3,81	3,79	1.790,310	32.279,44	360,880	153,69
Satuba (Município) (270890)	3.933	3.509	3,77	3,70	156,200	10.543,61	41,270	358,99
União dos Palmares (Município) (270930)	17.107	13.312	3,66	3,60	734,750	11.728,75	420,720	148,90
Aracaju (Município) (280030)	177.170	177.170	3,27	3,27	16.314,480	28.149,63	181,860	3.186,92
Barra dos Coqueiros (Município) (280060)	7.071	5.878	3,61	3,63	540,460	21.172,28	89,600	284,91
Estância (Município) (280210)	18.803	16.217	3,45	3,40	1.940,160	29.929,21	644,490	100,58
Itabaiana (Município) (280290)	26.835	21.226	3,27	3,22	1.503,060	17.129,48	337,300	260,15
Lagarto (Município) (280350)	28.514	15.093	3,36	3,27	1.239,540	12.946,08	968,920	98,82
Nossa Senhora do Socorro (Município) (280480)	46.794	45.683	3,48	3,46	3.184,880	19.533,52	155,020	1.051,79
São Cristóvão (Município) (280670)	23.118	19.694	3,46	3,43	959,600	12.001,62	438,040	182,53
Tobias Barreto (Município) (280740)	14.503	9.787	3,34	3,32	464,800	9.600,49	1.024,190	47,27
Alagoinhas (Município) (290070)	42.770	37.618	3,34	3,32	3.099,360	21.693,54	707,560	201,92
Araci (Município) (290210)	14.000	5.776	3,71	3,42	355,960	6.846,20	1.495,550	34,77
Barra (Município) (290270)	11.807	5.553	4,21	4,08	306,540	6.163,32	11.422,540	4,35
Barreiras (Município) (290320)	39.691	35.776	3,51	3,51	3.451,870	24.782,76	7.861,760	17,72
Bom Jesus da Lapa (Município) (290390)	16.868	11.598	3,80	3,75	665,050	10.371,82	4.115,510	15,58
Brumado (Município) (290460)	19.007	13.420	3,41	3,37	1.205,580	18.607,47	2.207,610	29,35
Caetité (Município) (290520)	13.133	8.034	3,63	3,55	536,920	11.268,75	2.651,540	17,97
Camaçari (Município) (290570)	76.065	72.597	3,28	3,28	18.048,550	72.424,24	784,660	317,60
Campo Formoso (Município) (290600)	18.511	7.178	3,62	3,48	609,450	9.100,71	7.161,830	9,35
Candeias (Município) (290650)	25.611	23.435	3,27	3,26	3.687,690	44.085,85	251,630	332,43
Casa Nova (Município) (290720)	17.542	9.919	3,74	3,83	503,230	7.665,70	9.647,070	6,80
Catu (Município) (290750)	15.575	13.055	3,30	3,30	759,220	14.767,68	433,190	118,68
Conceição do Coité (Município) (290840)	19.029	11.604	3,29	3,15	599,060	9.578,06	1.015,250	61,61
Cruz das Almas (Município) (290980)	17.697	15.187	3,34	3,31	883,330	14.960,29	139,120	424,43
Dias d'Ávila (Município) (291005)	20.464	19.195	3,33	3,33	3.705,260	54.440,33	184,230	369,43
Euclides da Cunha (Município) (291070)	16.309	8.233	3,47	3,35	454,370	8.023,27	1.992,640	28,42
Eunápolis (Município) (291072)	30.344	28.236	3,34	3,35	2.287,780	22.554,82	1.425,970	71,13
Feira de Santana (Município) (291080)	167.405	154.241	3,36	3,35	12.472,100	22.173,96	1.304,430	431,20
Guanambi (Município) (291170)	22.913	18.376	3,47	3,43	968,850	12.203,06	1.272,370	62,40
Ilhéus (Município) (291360)	57.654	48.420	3,22	3,23	3.969,310	21.363,23	1.584,690	117,25
Ipirá (Município) (291400)	17.554	9.114	3,37	3,17	509,850	8.616,76	3.105,280	19,05
Irecê (Município) (291460)	20.194	18.572	3,31	3,32	942,930	14.101,99	319,170	209,49
Itaberaba (Município) (291470)	18.247	14.403	3,39	3,38	642,790	10.394,75	2.386,390	25,91
Itabuna (Município) (291480)	64.751	63.022	3,17	3,18	4.125,420	20.095,94	401,030	511,90
Itamaraju (Município) (291560)	19.187	15.034	3,29	3,31	841,740	13.349,65	2.360,290	26,71
Itaparica (Município) (291610)	6.542	6.525	3,19	3,20	215,790	10.343,46	118,040	176,74
Itapetinga (Município) (291640)	19.816	19.125	3,49	3,51	1.390,880	20.138,16	1.651,150	41,83
Jacobina (Município) (291750)	25.564	18.231	3,11	3,07	1.168,880	14.718,27	2.192,910	36,22
Jaguaquara (Município) (291760)	14.566	11.312	3,52	3,46	441,270	8.596,97	924,740	55,51
Jequié (Município) (291800)	46.539	42.679	3,27	3,27	2.256,670	14.833,03	2.969,030	51,24
Juazeiro (Município) (291840)	56.527	46.086	3,53	3,52	2.849,450	14.264,28	6.721,200	29,72
Lauro de Freitas (Município) (291920)	50.867	50.740	3,29	3,30	6.350,800	37.958,51	57,660	2.901,45
Luís Eduardo Magalhães (Município) (291955)	18.303	16.820	3,46	3,44	3.670,680	57.997,77	3.940,540	16,06
Madre de Deus (Município) (291992)	5.320	5.154	3,34	3,35	545,080	30.646,82	32,200	552,34
Mata de São João (Município) (292100)	12.047	8.885	3,39	3,41	1.203,410	29.447,73	604,290	67,63
Paulo Afonso (Município) (292400)	32.105	27.700	3,40	3,40	3.129,080	28.625,74	1.545,190	70,74
Pojuca (Município) (292520)	9.858	8.488	3,41	3,40	1.750,150	52.095,59	308,700	108,83
Porto Seguro (Município) (292530)	39.604	33.194	3,27	3,19	2.112,560	16.335,29	2.287,090	56,55
Ribeira do Pombal (Município) (292660)	14.212	9.120	3,36	3,28	463,160	9.709,65	1.177,450	40,51
Salvador (Município) (292740)	891.097	890.903	3,02	3,02	66.837,960	24.813,56	692,820	3.887,90
Santo Amaro (Município) (292860)	17.569	13.602	3,30	3,30	724,850	12.520,96	489,320	118,31
Santo Antônio de Jesus (Município) (292870)	28.183	24.767	3,27	3,24	1.843,070	20.022,66	261,740	351,68
Santo Estêvão (Município) (292880)	13.523	8.006	3,58	3,50	648,560	13.400,88	360,330	134,31
São Francisco do Conde (Município) (292920)	9.748	7.978	3,46	3,49	3.756,910	111.437,95	269,610	125,04
São Sebastião do Passé (Município) (292950)	12.694	9.916	3,33	3,35	960,590	22.697,10	536,580	78,87
Senhor do Bonfim (Município) (293010)	22.679	17.689	3,30	3,28	887,010	11.836,74	789,360	94,93
Serrinha (Município) (293050)	22.383	14.480	3,45	3,28	876,150	11.333,07	583,310	132,53
Simões Filho (Município) (293070)	35.991	32.381	3,33	3,32	5.135,350	42.880,35	201,580	594,12
Teixeira de Freitas (Município) (293135)	42.373	39.400	3,32	3,34	2.122,820	15.086,48	1.165,620	120,72
Tucano (Município) (293190)	15.312	6.681	3,43	3,30	391,770	7.451,03	2.185,010	24,06
Valença (Município) (293290)	27.096	20.193	3,30	3,22	1.261,000	14.087,85	1.124,660	79,59
Vera Cruz (Município) (293320)	12.141	11.430	3,14	3,13	477,960	12.522,45	299,730	127,34
Vitória da Conquista (Município) (293330)	88.803	79.834	3,49	3,48	5.938,700	19.149,13	3.705,840	83,69
Alfenas (Município) (310160)	23.808	22.447	3,12	3,10	2.292,460	30.854,92	850,450	87,36
Araguari (Município) (310350)	36.416	33.949	3,03	3,04	3.339,530	30.248,80	2.729,510	40,45
Araxá (Município) (310400)	30.059	29.637	3,15	3,15	4.354,350	45.932,45	1.164,060	81,44
Baldim (Município) (310500)	2.614	1.668	3,02	3,03	88,390	11.196,27	556,270	14,19
Barão de Cocais (Município) (310540)	8.658	7.906	3,33	3,31	1.578,140	54.739,67	340,590	84,65
Barbacena (Município) (310560)	40.591	37.520	3,13	3,10	2.586,510	20.331,31	759,190	167,57
Belo Horizonte (Município) (310620)	784.027	784.027	3,04	3,04	100.017,080	41.924,63	331,400	7.198,65
Belo Vale (Município) (310640)	2.533	1.103	2,98	2,99	154,380	20.461,65	365,920	20,62
Betim (Município) (310670)	115.483	114.908	3,32	3,31	32.932,870	85.858,60	343,860	1.115,50
Bom Despacho (Município) (310740)	14.915	13.964	3,09	3,11	1.065,970	23.142,63	1.213,550	37,96
Bonfim (Município) (310810)	2.507	1.259	2,72	2,65	75,130	11.024,63	301,870	22,58
Brumadinho (Município) (310900)	10.851	9.122	3,18	3,19	3.309,720	95.828,34	639,430	54,01
Caeté (Município) (311000)	12.184	10.533	3,37	3,39	638,220	15.531,40	542,530	75,74
Campo Belo (Município) (311120)	17.601	16.621	2,94	2,94	940,990	18.192,26	528,230	97,92
Capim Branco (Município) (311250)	2.714	2.460	3,30	3,32	101,290	11.308,44	95,330	93,95
Caratinga (Município) (311340)	27.364	22.944	3,14	3,09	1.608,230	18.741,56	1.258,480	68,19
Cataguases (Município) (311530)	23.593	22.683	2,98	2,96	1.667,880	23.758,59	491,770	142,75
Confins (Município) (311787)	1.743	1.747	3,45	3,44	962,960	160.279,44	42,360	141,85
Congonhas (Município) (311800)	14.422	14.068	3,40	3,40	4.155,340	84.669,77	304,070	161,40
Conselheiro Lafaiete (Município) (311830)	36.051	34.601	3,26	3,24	1.925,580	16.379,25	370,250	317,52
Contagem (Município) (311860)	189.632	189.444	3,21	3,20	30.497,330	50.101,17	195,050	3.120,90
Coronel Fabriciano (Município) (311940)	32.434	32.127	3,21	3,20	1.615,770	15.510,34	221,250	470,84
Curvelo (Município) (312090)	23.277	21.032	3,21	3,23	1.269,800	16.990,98	3.296,200	22,67
Divinópolis (Município) (312230)	68.367	66.691	3,15	3,14	5.965,270	27.713,63	708,120	303,97
Esmeraldas (Município) (312410)	17.992	16.701	3,41	3,42	565,050	9.220,34	909,680	67,37
Florestal (Município) (312600)	2.084	1.743	3,20	3,19	88,450	13.253,20	194,240	34,36
Formiga (Município) (312610)	21.849	19.865	2,99	3,00	1.486,040	22.757,42	1.501,920	43,48
Fortuna de Minas (Município) (312640)	842	578	3,24	3,25	37,340	13.697,25	198,710	13,72
Frutal (Município) (312710)	18.493	16.063	2,92	2,90	1.457,920	26.999,54	2.426,970	22,25
Funilândia (Município) (312720)	1.210	607	3,22	3,38	41,010	10.514,53	199,800	19,52
Governador Valadares (Município) (312770)	83.842	81.016	3,16	3,14	5.610,370	21.174,42	2.342,330	113,12
Guaxupé (Município) (312870)	16.023	15.179	3,10	3,07	2.184,940	44.038,85	286,400	173,23
Ibirité (Município) (312980)	47.428	47.429	3,39	3,39	2.253,310	14.000,68	72,570	2.217,67
Igarapé (Município) (313010)	10.670	9.941	3,34	3,36	1.199,230	33.667,45	110,940	321,07
Inhaúma (Município) (313100)	1.696	1.215	3,42	3,49	102,660	17.687,92	245,000	23,69
Ipatinga (Município) (313130)	74.772	74.230	3,23	3,22	12.263,930	50.774,12	164,880	1.464,90
Itabira (Município) (313170)	32.524	30.291	3,40	3,40	7.922,640	71.592,49	1.253,700	88,27
Itabirito (Município) (313190)	13.581	13.019	3,39	3,39	3.787,350	82.281,80	542,610	84,83
Itaguara (Município) (313220)	4.093	3.081	3,04	3,11	211,010	16.941,82	410,470	30,34
Itajubá (Município) (313240)	28.643	26.322	3,18	3,16	3.140,930	34.455,46	294,840	309,19
Itatiaiuçu (Município) (313370)	3.154	1.935	3,18	3,25	2.293,680	228.522,08	295,150	34,01
Itaúna (Município) (313380)	27.372	25.744	3,15	3,15	2.931,440	34.037,45	495,770	173,72
Ituiutaba (Município) (313420)	33.251	31.781	2,94	2,95	2.909,470	29.751,61	2.598,050	37,64
Jaboticatubas (Município) (313460)	5.543	3.452	3,14	3,16	174,890	10.044,99	1.114,970	15,62
Janaúba (Município) (313510)	18.891	17.169	3,56	3,55	857,550	12.761,33	2.181,320	30,81
Januária (Município) (313520)	17.866	11.625	3,67	3,56	552,310	8.418,57	6.661,590	9,85
João Monlevade (Município) (313620)	22.731	22.687	3,26	3,25	3.006,010	40.543,98	99,160	747,72
Nova União (Município) (313660)	1.722	884	3,23	3,25	64,680	11.622,55	172,130	32,33
Juatuba (Município) (313665)	6.995	6.876	3,24	3,24	1.226,110	54.135,39	97,170	233,08
Juiz de Fora (Município) (313670)	174.908	173.399	2,98	2,97	15.821,640	30.378,86	1.435,750	362,75
Lagoa da Prata (Município) (313720)	14.385	14.039	3,24	3,24	1.287,950	27.674,65	439,980	105,77
Lagoa Santa (Município) (313760)	16.138	15.023	3,32	3,33	1.654,430	30.840,34	229,410	233,84
Lavras (Município) (313820)	29.733	28.430	3,14	3,12	2.479,170	26.591,67	564,740	165,09
Leopoldina (Município) (313840)	16.922	15.223	3,03	3,01	969,890	18.939,42	943,080	54,30
Manhuaçu (Município) (313940)	24.821	20.581	3,24	3,19	2.178,480	27.051,75	628,320	128,17
Mariana (Município) (314000)	16.275	14.470	3,37	3,33	8.629,270	157.479,85	1.194,210	45,88
Mário Campos (Município) (314015)	3.969	3.731	3,38	3,39	132,230	9.870,90	35,200	380,61
Mateus Leme (Município) (314070)	8.781	7.748	3,20	3,22	667,920	23.734,61	301,380	93,37
Matozinhos (Município) (314110)	10.123	9.228	3,39	3,38	1.120,540	32.673,64	252,280	135,94
Moeda (Município) (314230)	1.521	619	3,09	2,90	53,010	11.264,45	155,110	30,34
Montes Claros (Município) (314330)	106.784	101.416	3,43	3,44	8.236,270	22.495,18	3.568,940	102,59
Muriaé (Município) (314390)	33.648	31.260	3,01	3,00	2.063,890	20.347,77	841,690	120,51
Nova Lima (Município) (314480)	24.822	24.349	3,31	3,31	10.542,080	128.135,41	429,000	191,78
Nova Serrana (Município) (314520)	22.550	21.294	3,39	3,40	1.818,970	23.782,97	282,470	270,76
Ouro Preto (Município) (314610)	20.883	18.267	3,38	3,36	8.272,760	117.196,16	1.245,870	56,66
Paracatu (Município) (314700)	24.472	21.182	3,49	3,51	3.206,890	37.530,31	8.229,600	10,38
Pará de Minas (Município) (314710)	26.133	24.868	3,26	3,23	2.600,580	30.567,78	551,250	154,33
Passos (Município) (314790)	34.121	32.485	3,14	3,12	2.460,100	22.994,42	1.338,070	79,96
Patos de Minas (Município) (314800)	46.836	43.026	2,99	2,99	3.532,070	25.256,34	3.190,190	43,84
Patrocínio (Município) (314810)	26.052	22.937	3,19	3,20	2.384,150	28.659,77	2.874,340	28,94
Pedro Leopoldo (Município) (314930)	17.981	15.384	3,29	3,27	2.071,690	34.987,04	292,950	202,13
Pirapora (Município) (315120)	15.536	15.288	3,45	3,44	2.082,050	38.841,41	549,510	97,55
Poços de Caldas (Município) (315180)	51.766	50.764	2,97	2,95	6.413,090	41.717,67	546,670	281,20
Ponte Nova (Município) (315210)	18.116	16.458	3,18	3,12	1.532,910	26.635,61	470,640	122,28
Pouso Alegre (Município) (315250)	41.458	38.103	3,19	3,18	5.412,690	40.867,49	542,800	244,00
Prudente de Morais (Município) (315360)	2.769	2.658	3,49	3,50	128,700	13.301,41	124,190	77,91
Raposos (Município) (315390)	4.487	4.260	3,44	3,43	116,420	7.548,76	72,230	213,53
Ribeirão das Neves (Município) (315460)	87.323	86.872	3,43	3,43	3.040,280	10.143,42	155,450	1.928,09
Rio Acima (Município) (315480)	2.697	2.349	3,41	3,42	293,460	31.898,26	229,810	40,03
Rio Manso (Município) (315530)	1.740	912	3,06	3,11	76,250	14.320,18	231,540	23,00
Sabará (Município) (315670)	37.396	36.479	3,40	3,40	2.354,800	18.527,61	302,420	420,27
Santa Bárbara (Município) (315720)	8.207	7.297	3,43	3,43	609,320	21.637,69	684,060	41,17
Santa Luzia (Município) (315780)	59.816	59.812	3,42	3,41	3.660,570	17.915,25	235,080	869,20
São Francisco (Município) (316110)	13.866	9.064	3,89	3,79	415,200	7.687,93	3.308,100	16,33
São João del Rei (Município) (316250)	28.009	26.667	3,03	3,01	1.826,560	21.509,44	1.452,000	58,48
São Joaquim de Bicas (Município) (316292)	6.978	5.504	3,74	3,45	634,040	24.289,17	71,760	363,78
São José da Lapa (Município) (316295)	5.798	3.372	3,48	3,44	658,610	32.656,34	47,930	420,78
São José da Varginha (Município) (316310)	1.339	775	3,19	3,11	109,260	25.570,70	205,500	20,79
São Sebastião do Paraíso (Município) (316470)	21.262	19.764	3,08	3,06	1.677,100	25.608,14	814,930	80,36
Sarzedo (Município) (316553)	7.530	7.467	3,52	3,51	887,960	33.545,80	62,130	426,01
Sete Lagoas (Município) (316720)	64.780	63.332	3,34	3,33	9.658,190	44.631,18	536,640	403,25
Taquaraçu de Minas (Município) (316830)	1.193	567	3,20	3,11	60,030	15.723,99	329,290	11,59
Teófilo Otoni (Município) (316860)	41.491	34.318	3,26	3,22	2.424,690	17.940,23	3.242,270	41,68
Timóteo (Município) (316870)	25.152	25.173	3,26	3,25	3.285,720	40.073,13	144,380	567,89
Três Corações (Município) (316930)	22.111	20.338	3,32	3,26	2.528,460	34.476,40	828,040	88,57
Três Pontas (Município) (316940)	16.457	14.273	3,29	3,26	1.211,720	22.406,80	689,790	78,40
Ubá (Município) (316990)	32.994	31.866	3,12	3,10	3.124,400	30.398,33	407,450	252,26
Uberaba (Município) (317010)	99.403	97.317	3,01	3,01	12.255,300	40.938,21	4.523,960	66,17
Uberlândia (Município) (317020)	201.095	196.376	3,04	3,03	29.490,300	48.194,32	4.115,210	148,69
Unaí (Município) (317040)	24.943	20.128	3,13	3,12	2.613,730	33.447,65	8.448,080	9,25
Varginha (Município) (317070)	38.504	37.418	3,22	3,21	5.350,430	43.092,33	395,400	314,02
Vespasiano (Município) (317120)	30.562	30.634	3,49	3,48	3.179,660	29.804,22	71,080	1.500,91
Viçosa (Município) (317130)	23.310	21.876	3,12	3,10	1.391,380	19.116,04	299,420	243,09
Aracruz (Município) (320060)	24.593	21.721	3,38	3,34	7.983,980	96.016,64	1.423,870	58,40
Cachoeiro de Itapemirim (Município) (320120)	61.359	56.670	3,11	3,08	5.247,410	27.467,31	864,580	220,96
Cariacica (Município) (320130)	111.270	108.191	3,15	3,14	9.398,280	26.805,11	279,720	1.253,46
Colatina (Município) (320150)	37.310	33.054	3,01	2,99	3.273,150	29.112,24	1.416,800	79,36
Fundão (Município) (320220)	5.518	4.687	3,14	3,12	681,070	39.291,10	288,720	60,04
Guarapari (Município) (320240)	34.492	33.020	3,09	3,08	2.115,790	19.851,14	591,820	180,10
Linhares (Município) (320320)	43.422	37.638	3,30	3,28	6.737,640	46.949,26	3.496,560	41,04
São Mateus (Município) (320490)	33.932	26.680	3,26	3,21	2.160,680	19.561,80	2.345,730	47,09
Serra (Município) (320500)	128.895	128.641	3,23	3,21	21.324,410	51.257,02	547,640	759,68
Viana (Município) (320510)	19.716	18.453	3,34	3,28	1.616,360	24.531,93	312,280	210,99
Vila Velha (Município) (320520)	138.588	138.508	3,03	3,02	13.069,070	31.127,66	209,970	1.999,64
Vitória (Município) (320530)	112.095	112.095	2,95	2,95	36.882,050	111.585,92	96,540	3.423,86
Angra dos Reis (Município) (330010)	54.995	53.098	3,15	3,15	10.235,740	59.039,86	825,080	210,12
Araruama (Município) (330020)	36.829	35.259	3,10	3,08	2.333,690	20.426,15	638,480	178,94
Barra do Piraí (Município) (330030)	31.600	30.704	3,01	3,01	2.225,760	23.365,09	584,610	162,95
Barra Mansa (Município) (330040)	58.057	57.546	3,07	3,07	5.406,470	30.312,96	547,130	325,98
Belford Roxo (Município) (330045)	149.531	149.555	3,16	3,16	7.658,070	16.224,44	78,990	5.975,92
Cabo Frio (Município) (330070)	61.088	46.685	3,12	3,08	19.022,600	99.705,96	413,650	461,23
Cachoeiras de Macacu (Município) (330080)	18.321	15.924	2,99	2,97	1.342,800	24.542,55	954,750	57,31
Campos dos Goytacazes (Município) (330100)	146.350	132.185	3,20	3,20	76.958,800	164.411,31	4.032,440	116,08
Duque de Caxias (Município) (330170)	276.591	275.691	3,11	3,11	33.538,200	38.945,47	467,270	1.842,95
Guapimirim (Município) (330185)	16.163	15.633	3,25	3,25	920,440	17.524,87	358,350	146,57
Itaboraí (Município) (330190)	71.311	70.497	3,09	3,09	4.454,660	20.216,13	430,590	511,74
Itaguaí (Município) (330200)	34.827	33.267	3,19	3,19	7.875,260	70.839,20	273,370	406,67
Itaperuna (Município) (330220)	32.768	30.217	2,95	2,95	2.340,620	24.244,54	1.106,170	87,28
Japeri (Município) (330227)	29.162	29.166	3,31	3,31	1.127,090	11.688,18	81,700	1.180,34
Macaé (Município) (330240)	68.729	67.382	3,09	3,09	21.968,390	103.413,28	1.215,290	174,80
Magé (Município) (330250)	72.298	68.547	3,17	3,16	3.882,590	16.956,62	393,910	581,27
Maricá (Município) (330270)	43.962	43.330	2,99	2,98	4.953,170	37.708,30	362,000	362,86
Mesquita (Município) (330285)	54.496	54.505	3,10	3,10	2.203,070	13.038,56	41,490	4.072,45
Nilópolis (Município) (330320)	51.849	51.857	3,04	3,04	2.707,370	17.166,75	19,390	8.132,32
Niterói (Município) (330330)	173.768	173.796	2,82	2,82	23.145,090	47.261,88	134,070	3.652,61
Nova Friburgo (Município) (330340)	65.259	57.446	2,80	2,78	4.579,640	25.059,86	935,430	195,36
Nova Iguaçu (Município) (330350)	254.783	252.128	3,14	3,13	16.782,520	21.003,17	520,810	1.534,25
Paracambi (Município) (330360)	15.876	13.725	3,00	3,07	741,550	15.567,29	190,950	249,46
Petrópolis (Município) (330390)	98.872	94.200	3,00	2,99	14.008,090	47.234,45	791,140	374,86
Queimados (Município) (330414)	43.341	43.349	3,21	3,21	3.493,260	25.097,43	75,700	1.838,65
Resende (Município) (330420)	39.784	37.384	3,04	3,03	9.079,420	75.074,99	1.099,340	110,01
Rio Bonito (Município) (330430)	17.637	13.499	3,18	3,08	1.828,540	32.652,00	459,460	121,88
Rio das Ostras (Município) (330452)	35.645	33.846	3,11	3,10	18.877,300	170.078,02	228,110	486,56
Rio de Janeiro (Município) (330455)	2.192.563	2.192.563	2,90	2,90	346.235,900	54.474,30	1.200,180	5.295,84
São Gonçalo (Município) (330490)	334.616	334.406	3,01	3,01	17.236,510	17.098,61	248,320	4.059,56
São João de Meriti (Município) (330510)	151.346	151.370	3,04	3,03	10.397,450	22.633,72	35,220	13.044,61
São Pedro da Aldeia (Município) (330520)	28.499	26.743	3,15	3,14	1.620,010	18.052,46	332,920	269,55
Saquarema (Município) (330550)	23.750	22.554	3,20	3,19	2.214,720	29.177,20	352,800	215,15
Seropédica (Município) (330555)	24.929	20.685	3,18	3,15	1.517,430	19.164,55	283,630	279,16
Tanguá (Município) (330575)	9.918	8.833	3,13	3,14	638,280	20.529,40	142,530	218,14
Teresópolis (Município) (330580)	55.213	49.631	3,00	2,98	4.938,220	29.799,32	773,340	214,29
Três Rios (Município) (330600)	24.763	24.083	3,14	3,14	2.941,890	37.788,71	322,840	241,14
Valença (Município) (330610)	23.796	20.698	3,04	3,02	1.614,220	22.336,57	1.300,770	55,56
Volta Redonda (Município) (330630)	86.547	86.522	2,99	2,99	14.575,500	56.273,45	182,110	1.422,32
Americana (Município) (350160)	69.650	69.362	3,06	3,05	12.995,490	61.071,60	133,910	1.589,04
Amparo (Município) (350190)	21.143	16.971	3,13	3,07	4.313,610	65.115,04	445,320	148,76
Andradina (Município) (350210)	18.626	17.377	2,97	2,97	2.611,440	47.182,25	964,230	57,40
Araçatuba (Município) (350280)	62.448	61.274	2,92	2,92	6.953,820	38.097,69	1.167,130	156,39
Araraquara (Município) (350320)	70.748	68.964	2,98	2,97	9.225,040	43.788,44	1.003,630	209,91
Araras (Município) (350330)	37.389	35.474	3,21	3,20	5.536,640	46.150,99	644,830	186,05
Artur Nogueira (Município) (350380)	13.869	12.535	3,25	3,25	998,620	22.178,82	178,030	252,92
Arujá (Município) (350390)	22.054	21.204	3,45	3,45	3.256,060	42.779,88	96,170	791,46
Assis (Município) (350400)	32.142	31.227	2,98	2,93	2.869,050	29.964,01	460,610	207,88
Atibaia (Município) (350410)	39.484	36.146	3,24	3,22	6.463,390	50.582,94	478,520	267,03
Avaré (Município) (350450)	27.006	25.859	3,09	3,09	2.207,040	26.453,76	1.213,060	68,78
Barretos (Município) (350550)	37.226	36.035	3,03	3,03	4.136,730	36.695,88	1.566,160	71,98
Barueri (Município) (350570)	73.841	73.844	3,29	3,29	51.976,910	213.683,95	65,700	3.702,26
Batatais (Município) (350590)	18.257	16.230	3,12	3,10	1.994,510	35.060,21	849,530	66,96
Bauru (Município) (350600)	113.065	112.270	3,06	3,03	13.736,770	39.692,82	667,680	518,32
Bebedouro (Município) (350610)	24.427	23.321	3,07	3,07	2.607,750	34.745,89	683,190	109,85
Bertioga (Município) (350635)	15.032	14.793	3,26	3,26	2.399,640	48.975,21	491,550	99,68
Birigui (Município) (350650)	36.671	35.678	3,00	2,99	3.155,460	28.728,83	530,030	207,23
Biritiba-Mirim (Município) (350660)	8.644	7.414	3,34	3,34	554,800	19.212,63	317,410	90,98
Boituva (Município) (350700)	15.163	14.310	3,26	3,25	2.774,590	56.182,80	248,950	198,37
Botucatu (Município) (350750)	42.282	40.838	3,05	3,04	5.020,460	38.982,05	1.482,640	86,86
Bragança Paulista (Município) (350760)	46.073	44.719	3,22	3,22	5.658,810	38.129,33	512,580	289,53
Caçapava (Município) (350850)	25.548	21.963	3,34	3,33	4.778,450	55.944,59	368,990	231,48
Caieiras (Município) (350900)	26.139	25.545	3,36	3,35	3.080,280	35.121,30	97,640	898,22
Cajamar (Município) (350920)	19.819	19.434	3,29	3,28	9.353,840	143.598,09	131,390	495,78
Campinas (Município) (350950)	358.438	353.048	3,04	3,04	67.286,790	61.709,15	794,570	1.372,30
Campo Limpo Paulista (Município) (350960)	22.657	22.658	3,30	3,30	2.075,630	27.723,45	79,400	942,90
Campos do Jordão (Município) (350970)	14.726	14.641	3,26	3,26	1.146,300	23.850,96	290,520	165,43
Capivari (Município) (351040)	14.419	13.748	3,41	3,38	1.987,830	40.467,23	322,880	152,14
Caraguatatuba (Município) (351050)	32.924	31.644	3,11	3,11	2.760,240	26.923,09	484,950	211,41
Carapicuíba (Município) (351060)	111.749	111.753	3,32	3,32	5.158,370	13.885,19	34,550	10.753,84
Catanduva (Município) (351110)	38.431	38.150	2,95	2,95	4.333,780	38.231,59	290,600	390,08
Cosmópolis (Município) (351280)	18.354	17.104	3,27	3,25	1.416,730	23.636,55	154,670	387,53
Cotia (Município) (351300)	60.763	60.765	3,38	3,38	12.022,420	58.601,95	323,990	633,20
Cruzeiro (Município) (351340)	23.795	23.189	3,25	3,25	2.483,530	32.123,50	305,700	252,90
Cubatão (Município) (351350)	37.529	37.531	3,18	3,18	11.077,200	92.680,68	142,880	836,51
Diadema (Município) (351380)	120.700	120.705	3,22	3,22	17.590,640	45.269,49	30,730	12.644,02
Embu das Artes (Município) (351500)	70.195	70.198	3,46	3,46	7.808,430	32.169,19	70,400	3.447,97
Embu-Guaçu (Município) (351510)	18.645	18.125	3,39	3,39	1.069,240	16.913,26	155,640	406,18
Fernandópolis (Município) (351550)	22.474	21.776	2,89	2,89	1.806,720	27.825,15	549,800	118,10
Ferraz de Vasconcelos (Município) (351570)	49.786	47.691	3,42	3,41	3.549,630	20.843,77	29,560	5.760,28
Franca (Município) (351620)	100.614	98.901	3,19	3,19	8.888,520	27.689,06	605,680	530,00
Francisco Morato (Município) (351630)	45.217	45.134	3,45	3,45	1.523,080	9.759,33	49,000	3.184,91
Franco da Rocha (Município) (351640)	37.307	36.482	3,58	3,37	2.701,180	20.247,64	132,780	1.004,76
Guararema (Município) (351830)	7.989	6.841	3,27	3,29	1.881,780	71.969,08	270,820	96,55
Guaratinguetá (Município) (351840)	35.171	33.520	3,20	3,20	4.668,740	41.435,49	752,640	149,71
Guarujá (Município) (351870)	87.467	87.457	3,35	3,35	7.530,980	25.725,47	144,790	2.021,80
Guarulhos (Município) (351880)	370.998	371.013	3,32	3,32	58.944,710	47.789,03	318,680	3.870,51
Hortolândia (Município) (351907)	56.999	57.001	3,43	3,43	13.737,180	70.167,82	62,420	3.136,63
Ibitinga (Município) (351960)	17.310	16.578	3,10	3,11	1.470,860	27.410,70	689,390	77,84
Ibiúna (Município) (351970)	22.050	7.700	3,25	3,26	1.327,260	18.500,49	1.058,080	67,80
Indaiatuba (Município) (352050)	63.085	62.510	3,26	3,26	12.272,090	59.628,83	311,550	660,60
Itanhaém (Município) (352210)	29.099	28.817	3,03	3,03	1.448,510	16.420,36	601,710	146,61
Itapecerica da Serra (Município) (352220)	44.028	43.615	3,51	3,51	3.919,720	25.391,06	150,740	1.024,09
Itapetininga (Município) (352230)	43.577	40.396	3,35	3,28	4.489,760	30.789,31	1.789,350	81,49
Itapeva (Município) (352240)	27.393	23.257	3,22	3,19	2.003,080	22.728,96	1.826,260	48,26
Itapevi (Município) (352250)	59.248	59.251	3,44	3,44	8.923,030	43.802,17	82,660	2.464,52
Itapira (Município) (352260)	21.802	20.321	3,16	3,15	3.283,720	47.635,68	518,420	132,97
Itaquaquecetuba (Município) (352310)	92.269	92.273	3,53	3,53	5.563,120	17.090,06	82,620	3.939,85
Itararé (Município) (352320)	15.593	14.378	3,08	3,09	805,630	16.770,08	1.003,860	47,86
Itatiba (Município) (352340)	32.059	27.176	3,21	3,20	5.725,160	55.568,98	322,280	319,69
Itu (Município) (352390)	47.878	44.896	3,25	3,24	8.451,460	54.319,15	640,720	242,84
Itupeva (Município) (352400)	13.682	11.954	3,38	3,36	3.711,200	80.165,79	200,820	230,53
Jaboticabal (Município) (352430)	23.378	22.736	3,08	3,07	2.801,540	38.916,19	706,600	101,88
Jacareí (Município) (352440)	66.053	65.136	3,22	3,22	11.045,420	51.918,83	464,270	458,23
Jaguariúna (Município) (352470)	13.953	13.565	3,26	3,25	6.470,310	142.389,16	141,390	321,39
Jandira (Município) (352500)	33.471	33.472	3,27	3,27	3.379,030	30.826,65	17,450	6.281,96
Jaú (Município) (352530)	42.128	40.976	3,15	3,13	4.477,950	33.797,37	687,100	192,83
Jundiaí (Município) (352590)	121.687	116.868	3,07	3,06	40.075,890	107.237,08	431,210	866,67
Juquitiba (Município) (352620)	9.076	6.913	3,19	3,24	494,150	17.091,49	522,170	55,37
Leme (Município) (352670)	28.774	28.194	3,22	3,22	2.849,050	30.766,97	402,870	229,85
Lençóis Paulista (Município) (352680)	18.690	18.238	3,31	3,32	2.689,660	43.438,35	809,540	76,49
Limeira (Município) (352690)	86.889	84.238	3,20	3,20	13.016,390	46.805,88	580,710	478,88
Lins (Município) (352710)	23.531	23.259	3,05	3,05	3.630,330	50.524,46	570,060	126,05
Lorena (Município) (352720)	25.807	25.116	3,21	3,21	2.170,830	26.190,28	414,160	200,13
Mairiporã (Município) (352850)	23.904	21.227	3,45	3,40	1.863,060	22.567,28	320,700	257,43
Marília (Município) (352900)	70.720	67.674	3,09	3,08	7.667,720	35.136,13	1.170,520	186,44
Matão (Município) (352930)	24.407	23.983	3,16	3,16	3.649,430	47.288,88	524,900	147,02
Mauá (Município) (352940)	128.963	128.968	3,27	3,27	14.800,200	35.139,52	61,910	6.803,28
Mirassol (Município) (353030)	17.972	17.543	3,02	3,01	1.656,030	30.547,38	243,230	222,89
Mococa (Município) (353050)	20.884	19.360	3,18	3,16	1.821,100	27.448,97	855,160	77,58
Mogi das Cruzes (Município) (353060)	119.766	110.953	3,27	3,26	15.332,980	39.095,20	712,540	550,42
Mogi Guaçu (Município) (353070)	43.026	40.970	3,21	3,20	6.040,690	43.695,51	812,750	170,09
Mogi Mirim (Município) (353080)	27.855	26.229	3,12	3,10	4.612,430	53.082,37	497,710	174,58
Mongaguá (Município) (353110)	15.020	14.942	3,14	3,14	748,270	15.869,04	143,210	329,27
Monte Alto (Município) (353130)	15.386	14.734	3,05	3,04	1.680,310	35.846,63	346,950	135,11
Monte Mor (Município) (353180)	14.886	13.995	3,35	3,35	3.488,440	69.991,32	240,570	207,18
Nova Odessa (Município) (353340)	16.286	16.023	3,19	3,19	2.758,330	53.099,91	73,790	703,99
Olímpia (Município) (353390)	16.446	15.539	3,06	3,06	1.938,190	38.508,05	802,560	62,71
Osasco (Município) (353440)	207.705	207.713	3,22	3,22	71.812,630	107.531,95	64,950	10.281,52
Ourinhos (Município) (353470)	33.742	32.963	3,07	3,07	3.012,620	29.040,39	295,820	350,69
Paulínia (Município) (353650)	24.994	24.972	3,38	3,38	14.787,930	174.980,30	138,780	608,98
Penápolis (Município) (353730)	19.455	18.617	3,02	3,02	1.514,760	25.757,73	711,320	82,68
Peruíbe (Município) (353760)	19.867	19.615	3,04	3,05	1.403,900	23.238,69	326,220	185,19
Piedade (Município) (353780)	15.875	7.347	3,29	3,24	1.031,110	19.716,00	746,870	70,02
Pindamonhangaba (Município) (353800)	44.288	42.649	3,36	3,36	6.808,630	45.816,97	730,000	203,57
Piracicaba (Município) (353870)	116.011	113.679	3,17	3,16	22.219,080	60.494,66	1.378,070	266,53
Pirapora do Bom Jesus (Município) (353910)	4.515	4.515	3,54	3,54	663,580	41.499,38	108,490	147,39
Pirassununga (Município) (353930)	23.230	21.354	3,03	3,02	2.611,530	37.052,49	727,120	96,93
Poá (Município) (353980)	31.459	30.977	3,39	3,39	6.387,730	59.811,88	17,260	6.186,11
Porto Feliz (Município) (354060)	14.977	12.667	3,28	3,26	1.529,710	31.121,49	556,710	88,29
Porto Ferreira (Município) (354070)	16.335	16.036	3,17	3,17	1.990,380	38.494,87	244,910	211,12
Praia Grande (Município) (354100)	85.927	85.930	3,11	3,11	5.580,460	20.876,61	149,250	1.790,97
Presidente Prudente (Município) (354140)	69.815	68.805	2,99	2,98	7.573,670	36.233,32	560,640	372,83
Registro (Município) (354260)	16.980	15.127	3,20	3,19	1.519,790	27.988,23	722,200	75,19
Ribeirão Pires (Município) (354330)	34.819	34.820	3,27	3,27	3.055,520	26.867,37	99,080	1.147,88
Ribeirão Preto (Município) (354340)	201.090	200.556	3,05	3,04	30.356,900	49.575,24	650,920	940,74
Rio Claro (Município) (354390)	61.455	60.136	3,05	3,04	9.823,560	52.353,79	498,420	376,46
Rio Grande da Serra (Município) (354410)	13.585	13.585	3,28	3,28	641,090	14.405,50	36,340	1.224,59
Salesópolis (Município) (354500)	4.821	3.059	3,26	3,27	206,000	13.092,48	425,000	37,02
Salto (Município) (354520)	32.792	32.577	3,25	3,25	5.908,510	55.497,22	133,060	800,15
Santa Bárbara d'Oeste (Município) (354580)	56.501	56.096	3,20	3,20	6.154,470	34.045,48	271,030	666,98
Santa Isabel (Município) (354680)	15.747	12.348	3,24	3,24	1.483,320	29.102,38	363,330	140,28
Santana de Parnaíba (Município) (354730)	32.523	32.524	3,43	3,43	8.649,110	77.624,76	179,950	619,19
Santo André (Município) (354780)	221.814	221.823	3,06	3,06	32.789,710	48.327,77	175,780	3.859,81
Santos (Município) (354850)	148.877	148.781	2,82	2,82	23.298,410	55.537,33	281,030	1.492,74
São Bernardo do Campo (Município) (354870)	246.116	242.352	3,13	3,13	70.117,160	91.031,33	409,530	1.880,81
São Caetano do Sul (Município) (354880)	51.949	51.951	2,89	2,89	20.028,610	133.557,92	15,330	9.781,62
São Carlos (Município) (354890)	73.771	70.938	3,04	3,03	11.258,260	50.221,29	1.136,910	197,18
São João da Boa Vista (Município) (354910)	28.374	27.336	2,96	2,95	2.945,710	35.018,43	516,400	162,90
São Joaquim da Barra (Município) (354940)	14.853	14.574	3,16	3,16	1.660,030	35.401,92	410,860	114,13
São José do Rio Pardo (Município) (354970)	16.345	14.620	3,18	3,15	1.909,510	36.693,09	419,680	124,00
São José do Rio Preto (Município) (354980)	141.203	133.765	2,92	2,89	16.892,740	40.994,23	431,940	954,00
São José dos Campos (Município) (354990)	194.961	190.992	3,27	3,27	38.487,560	60.431,79	1.099,410	579,29
São Lourenço da Serra (Município) (354995)	4.425	4.024	3,19	3,19	329,740	23.369,31	186,460	75,67
São Paulo (Município) (355030)	3.667.738	3.636.895	3,09	3,08	757.066,560	66.901,61	1.521,110	7.439,38
São Roque (Município) (355060)	24.440	22.413	3,26	3,23	2.445,310	30.659,48	306,910	259,87
São Sebastião (Município) (355070)	24.342	24.084	3,09	3,09	6.394,640	85.076,97	402,400	186,79
São Vicente (Município) (355100)	104.668	104.459	3,20	3,20	5.444,430	16.268,38	148,100	2.259,71
Sertãozinho (Município) (355170)	34.096	33.720	3,26	3,26	5.872,230	52.780,80	403,090	276,01
Sorocaba (Município) (355220)	183.942	182.137	3,23	3,23	34.666,190	58.382,61	450,380	1.318,38
Sumaré (Município) (355240)	75.613	74.750	3,21	3,21	14.339,600	59.020,41	153,470	1.583,16
Suzano (Município) (355250)	76.918	74.252	3,45	3,44	10.888,570	41.077,45	206,240	1.285,29
Taboão da Serra (Município) (355280)	74.386	74.389	3,34	3,34	9.130,940	36.799,46	20,390	12.170,25
Taquaritinga (Município) (355370)	17.933	17.042	3,02	3,01	1.311,880	24.233,07	594,340	91,09
Tatuí (Município) (355400)	33.453	31.822	3,24	3,25	4.007,670	36.973,50	523,750	206,96
Taubaté (Município) (355410)	86.269	84.429	3,26	3,26	19.796,520	70.366,11	625,000	450,14
Tupã (Município) (355500)	21.443	20.616	2,96	2,96	1.762,180	27.756,58	627,990	101,10
Ubatuba (Município) (355540)	25.843	25.246	3,08	3,08	1.573,040	19.732,59	708,110	112,58
Valinhos (Município) (355620)	34.592	33.026	3,14	3,13	6.570,690	60.491,33	148,540	731,27
Vargem Grande Paulista (Município) (355645)	12.920	12.920	3,39	3,39	1.640,230	37.457,58	42,490	1.030,60
Várzea Paulista (Município) (355650)	32.527	32.528	3,33	3,33	3.055,840	28.246,12	35,120	3.080,47
Vinhedo (Município) (355670)	19.934	19.360	3,25	3,25	7.826,600	120.650,52	81,600	794,94
Votorantim (Município) (355700)	32.897	31.710	3,34	3,33	3.158,500	28.766,45	183,520	598,30
Votuporanga (Município) (355710)	29.984	29.170	2,85	2,85	2.556,780	29.943,45	420,700	202,96
Adrianópolis (Município) (410020)	2.022	659	3,13	3,10	111,490	17.617,76	1.349,340	4,69
Agudos do Sul (Município) (410030)	2.639	902	3,16	3,16	131,560	15.753,74	192,260	43,44
Almirante Tamandaré (Município) (410040)	31.121	29.917	3,35	3,34	1.259,400	12.068,97	194,740	535,83
Apucarana (Município) (410140)	39.413	37.404	3,09	3,08	2.893,180	23.729,33	558,390	218,35
Arapongas (Município) (410150)	33.957	33.322	3,11	3,10	4.675,580	44.281,39	382,220	276,25
Araucária (Município) (410180)	36.326	33.673	3,33	3,33	11.069,690	91.460,84	469,240	257,93
Balsa Nova (Município) (410230)	3.607	2.187	3,17	3,18	703,150	61.560,80	348,930	32,73
Bocaiúva do Sul (Município) (410310)	3.322	1.552	3,35	3,35	174,510	15.670,95	826,340	13,48
Cambé (Município) (410370)	31.100	29.989	3,13	3,12	3.180,590	32.658,25	495,380	196,60
Campina Grande do Sul (Município) (410400)	11.869	9.813	3,29	3,28	1.221,310	31.241,95	539,250	72,49
Campo Largo (Município) (410420)	35.039	29.455	3,25	3,24	3.353,560	29.447,70	1.243,550	91,58
Campo Magro (Município) (410425)	7.589	5.965	3,32	3,32	340,830	13.533,50	275,350	91,46
Campo Mourão (Município) (410430)	28.887	27.505	3,04	3,02	3.052,080	34.797,40	757,880	115,73
Cascavel (Município) (410480)	93.810	89.332	3,08	3,06	9.512,950	32.878,12	2.100,830	137,73
Castro (Município) (410490)	20.324	14.943	3,31	3,31	2.003,710	29.749,37	2.531,500	26,61
Cerro Azul (Município) (410520)	5.306	1.562	3,20	3,09	232,280	13.677,24	1.341,190	12,66
Cianorte (Município) (410550)	23.021	20.602	3,08	3,06	2.155,170	30.387,87	811,670	87,38
Colombo (Município) (410580)	65.141	62.371	3,30	3,29	4.166,450	19.357,06	197,790	1.088,22
Contenda (Município) (410620)	4.799	2.772	3,35	3,37	284,620	17.683,65	299,040	53,82
Curitiba (Município) (410690)	590.240	590.240	2,99	2,99	99.428,410	56.348,03	435,040	4.056,08
Fazenda Rio Grande (Município) (410765)	24.318	22.640	3,42	3,41	1.280,170	15.401,89	116,680	712,37
Foz do Iguaçu (Município) (410830)	81.085	80.605	3,16	3,15	10.095,340	39.450,35	618,350	413,84
Francisco Beltrão (Município) (410840)	26.333	22.934	3,03	2,97	2.238,640	28.035,57	735,110	108,62
Guarapuava (Município) (410940)	51.866	47.604	3,25	3,23	4.393,830	26.099,51	3.178,650	52,96
Ibiporã (Município) (410980)	15.521	14.868	3,14	3,12	1.909,300	39.236,05	297,740	163,44
Irati (Município) (411070)	18.070	14.559	3,13	3,10	1.395,120	24.691,01	999,520	56,53
Itaperuçu (Município) (411125)	7.046	5.909	3,44	3,43	498,670	20.575,68	320,580	75,60
Lapa (Município) (411320)	14.444	8.759	3,12	3,12	1.282,780	28.419,77	2.093,860	21,56
Londrina (Município) (411370)	168.899	165.424	3,03	3,01	18.904,020	36.973,97	1.652,570	309,38
Mandirituba (Município) (411430)	6.883	2.250	3,28	3,35	594,600	26.332,98	379,180	59,55
Marechal Cândido Rondon (Município) (411460)	16.146	13.650	2,93	2,90	1.734,230	36.690,84	748,000	63,19
Maringá (Município) (411520)	119.664	117.884	3,03	3,02	14.872,530	41.047,05	487,050	743,92
Palmas (Município) (411760)	12.362	11.568	3,52	3,49	803,830	18.475,54	1.557,890	27,93
Paranaguá (Município) (411820)	41.563	40.040	3,40	3,41	7.303,960	51.626,51	826,670	171,14
Paranavaí (Município) (411840)	26.965	25.824	3,04	3,03	1.867,760	22.766,73	1.202,270	68,24
Pato Branco (Município) (411850)	23.980	22.599	3,05	3,05	2.689,060	36.761,85	539,090	135,69
Pinhais (Município) (411915)	36.433	36.519	3,25	3,24	5.901,640	49.872,70	60,870	1.944,08
Piraquara (Município) (411950)	26.791	14.048	3,53	3,30	1.164,490	12.320,30	227,040	416,30
Ponta Grossa (Município) (411990)	97.134	95.247	3,24	3,23	11.877,280	37.763,44	2.054,730	153,07
Prudentópolis (Município) (412060)	15.112	7.107	3,24	3,17	878,420	17.951,41	2.236,580	21,88
Quatro Barras (Município) (412080)	6.218	5.603	3,24	3,25	1.384,010	68.736,37	180,470	111,57
Quitandinha (Município) (412120)	5.373	1.572	3,21	3,13	272,530	15.818,19	447,020	38,54
Rio Branco do Sul (Município) (412220)	9.338	6.679	3,29	3,31	1.419,420	46.158,58	812,290	37,86
Rolândia (Município) (412240)	18.859	17.946	3,10	3,08	2.143,450	36.633,28	459,020	127,47
São José dos Pinhais (Município) (412550)	82.653	74.479	3,25	3,24	31.234,170	116.195,10	946,440	284,02
Sarandi (Município) (412625)	26.625	26.467	3,14	3,14	1.245,130	14.871,83	103,460	809,22
Telêmaco Borba (Município) (412710)	22.272	21.852	3,17	3,16	2.945,520	41.759,68	1.382,860	51,01
Tijucas do Sul (Município) (412760)	4.645	744	3,17	3,11	342,420	23.275,01	671,890	21,90
Toledo (Município) (412770)	39.971	36.600	3,03	3,00	4.309,060	35.631,52	1.197,000	101,03
Tunas do Paraná (Município) (412788)	1.838	827	3,51	3,49	93,760	14.514,05	668,480	9,66
Umuarama (Município) (412810)	34.390	32.099	2,95	2,93	2.578,650	25.419,71	1.234,540	82,17
União da Vitória (Município) (412820)	16.784	15.985	3,16	3,15	1.189,010	22.409,27	720,000	73,69
Doutor Ulysses (Município) (412863)	1.726	284	3,31	3,26	78,830	13.815,99	777,480	7,34
Águas Mornas (Município) (420060)	1.744	735	3,22	3,21	162,440	28.914,20	327,360	17,16
Alfredo Wagner (Município) (420070)	3.061	989	3,09	2,91	189,960	20.095,39	732,770	12,90
Angelina (Município) (420090)	1.679	379	3,10	2,94	114,570	21.990,59	500,040	10,42
Anitápolis (Município) (420110)	1.108	480	2,90	2,74	62,560	19.470,57	542,120	5,93
Antônio Carlos (Município) (420120)	2.344	761	3,22	3,11	390,160	51.765,32	233,570	32,27
Araranguá (Município) (420140)	20.439	16.939	3,02	3,01	1.816,700	29.388,42	303,300	203,82
Balneário Camboriú (Município) (420200)	40.555	40.619	2,73	2,73	4.594,280	41.484,11	46,240	2.394,86
Biguaçu (Município) (420230)	18.603	16.849	3,17	3,17	1.789,450	30.337,95	367,890	160,33
Blumenau (Município) (420240)	104.414	100.228	2,99	2,98	16.715,440	53.466,31	518,500	602,96
Brusque (Município) (420290)	34.272	33.250	3,14	3,13	5.472,020	50.777,85	283,220	380,49
Caçador (Município) (420300)	22.663	20.780	3,15	3,13	2.686,070	37.654,81	984,290	72,47
Camboriú (Município) (420320)	18.881	17.821	3,39	3,41	1.016,200	15.886,39	212,320	301,28
Canelinha (Município) (420370)	3.311	2.087	3,24	3,26	195,330	18.210,98	152,560	70,31
Canoinhas (Município) (420380)	16.759	12.698	3,15	3,10	1.664,360	31.490,27	1.140,390	46,35
Chapecó (Município) (420420)	60.665	56.301	3,07	3,03	8.024,630	43.065,13	626,060	297,63
Concórdia (Município) (420430)	23.742	19.396	2,91	2,85	2.792,060	40.436,49	799,450	86,37
Criciúma (Município) (420460)	63.538	62.929	3,05	3,04	7.177,060	36.997,23	235,700	823,03
Florianópolis (Município) (420540)	152.861	147.309	2,80	2,79	19.201,920	44.938,01	675,410	632,65
Garopaba (Município) (420570)	6.302	5.414	2,94	2,89	393,650	21.255,22	115,410	160,48
Gaspar (Município) (420590)	18.529	15.048	3,18	3,18	2.408,160	40.907,14	386,780	152,20
Governador Celso Ramos (Município) (420600)	4.248	4.009	3,09	3,08	216,240	16.498,11	117,190	111,85
Içara (Município) (420700)	19.099	17.607	3,12	3,10	1.874,520	31.443,18	228,930	260,41
Indaial (Município) (420750)	17.904	17.299	3,13	3,12	2.426,630	43.348,12	430,790	129,95
Itajaí (Município) (420820)	59.604	56.571	3,12	3,11	18.368,300	98.686,92	288,290	645,63
Itapema (Município) (420830)	15.509	15.168	3,05	3,04	1.391,640	29.404,81	57,800	818,76
Jaraguá do Sul (Município) (420890)	46.558	43.484	3,13	3,11	9.873,980	67.731,11	529,450	275,35
Joinville (Município) (420910)	165.703	160.664	3,14	3,13	28.165,930	54.071,15	1.126,110	462,57
Lages (Município) (420930)	50.839	49.966	3,08	3,08	4.407,440	28.132,88	2.631,500	59,53
Leoberto Leal (Município) (420980)	1.077	279	3,10	2,91	76,840	23.027,62	291,210	11,46
Mafra (Município) (421010)	17.093	13.408	3,11	3,09	1.593,740	29.990,69	1.404,030	37,85
Major Gercino (Município) (421020)	1.111	439	2,96	2,85	60,070	18.257,56	306,180	10,75
Navegantes (Município) (421130)	19.160	18.204	3,25	3,24	2.100,150	33.771,51	112,030	555,10
Nova Trento (Município) (421150)	3.950	2.992	3,13	3,10	453,520	36.662,73	402,890	30,70
Palhoça (Município) (421190)	44.340	43.742	3,16	3,15	4.725,930	33.759,04	395,130	354,29
Paulo Lopes (Município) (421230)	2.177	1.564	3,10	3,11	211,180	31.281,85	449,680	15,01
Rancho Queimado (Município) (421430)	966	475	2,85	2,72	103,310	37.472,15	286,290	9,63
Rio do Sul (Município) (421480)	20.582	19.204	3,01	2,99	2.695,650	43.526,64	260,970	237,31
Santo Amaro da Imperatriz (Município) (421570)	6.347	4.824	3,16	3,14	718,210	35.764,09	344,050	58,37
São Bento do Sul (Município) (421580)	24.556	23.443	3,08	3,07	3.416,120	45.234,59	501,630	150,55
São Bonifácio (Município) (421590)	1.006	234	2,97	2,91	52,650	17.595,42	460,360	6,50
São Francisco do Sul (Município) (421620)	13.980	13.076	3,10	3,08	4.006,660	92.521,82	498,650	86,85
São João Batista (Município) (421630)	8.393	7.503	3,23	3,24	705,270	25.991,25	200,580	135,28
São José (Município) (421660)	71.782	71.129	2,96	2,95	9.114,170	42.872,64	150,450	1.412,98
São Pedro de Alcântara (Município) (421725)	1.159	829	4,13	4,58	66,060	13.790,81	140,020	34,21
Tijucas (Município) (421800)	10.090	8.556	3,13	3,10	1.253,720	39.759,08	279,580	112,79
Tubarão (Município) (421870)	33.503	30.431	2,92	2,91	3.402,830	34.782,03	301,760	324,21
Videira (Município) (421930)	15.848	14.502	3,00	2,98	2.235,080	46.937,76	384,520	123,84
Xanxerê (Município) (421950)	14.173	12.804	3,15	3,09	1.873,310	41.961,94	377,760	118,18
Alegrete (Município) (430040)	26.526	23.608	2,91	2,93	1.665,270	21.587,64	7.803,950	9,88
Alvorada (Município) (430060)	61.500	61.656	3,20	3,19	2.319,200	11.798,20	71,310	2.756,55
Araricá (Município) (430087)	1.724	1.427	2,86	2,84	134,500	27.292,19	35,150	140,19
Arroio dos Ratos (Município) (430110)	4.705	4.456	2,90	2,91	169,810	12.461,00	425,930	31,99
Bagé (Município) (430160)	39.326	33.425	2,97	2,93	2.112,060	18.060,47	4.093,580	28,57
Bento Gonçalves (Município) (430210)	37.284	34.851	2,91	2,87	5.924,010	54.608,69	274,070	395,81
Cachoeira do Sul (Município) (430300)	30.016	25.631	2,78	2,79	2.111,080	25.277,29	3.735,160	22,36
Cachoeirinha (Município) (430310)	39.691	39.792	3,00	2,99	7.161,130	60.126,52	44,020	2.705,73
Camaquã (Município) (430350)	21.221	16.996	2,97	2,91	1.666,850	26.480,21	1.679,430	37,48
Campo Bom (Município) (430390)	20.436	19.672	2,96	2,94	2.660,570	43.948,04	60,510	1.000,48
Canguçu (Município) (430450)	17.967	7.293	2,97	2,71	787,550	14.748,37	3.525,290	15,15
Canoas (Município) (430460)	106.117	106.386	3,06	3,06	15.995,350	49.187,85	131,100	2.480,54
Capão da Canoa (Município) (430463)	13.952	13.900	3,08	3,07	1.148,440	26.753,94	97,100	442,08
Capela de Santana (Município) (430468)	3.989	2.419	2,94	2,89	150,060	12.788,53	183,070	64,10
Carazinho (Município) (430470)	20.594	20.288	2,89	2,88	2.107,990	35.461,11	665,090	89,38
Caxias do Sul (Município) (430510)	150.012	145.076	2,94	2,93	28.354,860	64.248,36	1.652,310	267,10
Charqueadas (Município) (430535)	10.315	10.126	3,46	3,45	1.328,120	37.168,80	216,510	165,03
Cruz Alta (Município) (430610)	21.743	21.041	2,87	2,86	2.717,870	43.504,04	1.360,290	45,93
Dois Irmãos (Município) (430640)	9.601	9.529	2,91	2,90	1.558,920	55.741,56	65,160	429,23
Eldorado do Sul (Município) (430676)	11.290	10.092	3,09	3,10	1.126,790	32.298,26	509,730	68,44
Erechim (Município) (430700)	33.798	32.109	2,86	2,84	4.280,960	44.244,46	430,670	224,67
Estância Velha (Município) (430760)	14.212	13.891	3,04	3,03	1.439,700	33.368,21	52,150	827,39
Esteio (Município) (430770)	26.964	27.003	3,00	2,99	3.335,780	41.279,24	27,680	2.919,86
Farroupilha (Município) (430790)	21.020	18.448	3,06	3,01	3.048,400	47.427,41	361,680	177,71
Glorinha (Município) (430905)	2.442	731	2,86	2,87	459,550	65.800,96	323,640	21,58
Gravataí (Município) (430920)	84.140	80.146	3,06	3,06	12.042,210	46.778,95	463,500	555,40
Guaíba (Município) (430930)	31.914	31.173	2,99	2,99	4.742,650	49.779,61	376,950	252,75
Ijuí (Município) (431020)	27.403	24.979	2,89	2,87	3.120,280	39.417,36	689,390	114,83
Ivoti (Município) (431080)	6.827	6.233	2,96	2,95	833,440	41.210,22	63,150	320,25
Lajeado (Município) (431140)	25.495	25.463	2,84	2,83	3.571,210	49.368,35	90,610	798,34
Montenegro (Município) (431240)	20.373	18.571	2,94	2,91	2.978,080	49.790,75	424,440	140,92
Nova Hartz (Município) (431306)	6.041	5.048	3,08	3,07	1.079,090	58.021,63	62,560	297,29
Nova Santa Rita (Município) (431337)	7.375	6.304	3,15	3,16	981,020	42.192,58	217,870	106,72
Novo Hamburgo (Município) (431340)	82.158	80.969	2,91	2,90	9.357,110	39.126,36	223,820	1.068,49
Parobé (Município) (431405)	17.177	16.254	3,03	3,02	1.231,370	23.671,46	108,760	478,30
Passo Fundo (Município) (431410)	63.131	61.771	2,95	2,94	7.013,500	37.690,15	783,420	237,53
Pelotas (Município) (431440)	116.397	109.727	2,83	2,80	7.943,020	24.152,82	1.610,080	204,25
Portão (Município) (431480)	10.350	8.525	3,03	3,01	1.271,690	40.498,31	159,900	196,38
Porto Alegre (Município) (431490)	520.429	520.429	2,72	2,72	72.828,590	51.538,39	496,680	2.845,07
Rio Grande (Município) (431560)	68.044	65.706	2,91	2,89	8.170,600	41.255,43	2.709,520	73,09
Santa Cruz do Sul (Município) (431680)	41.410	37.156	2,88	2,85	7.307,740	61.307,09	733,410	162,53
Santa Maria (Município) (431690)	89.334	85.201	2,94	2,93	6.897,180	26.288,10	1.781,760	147,25
Sant'Ana do Livramento (Município) (431710)	27.973	25.223	2,92	2,93	1.482,170	18.114,80	6.941,610	11,79
Santa Rosa (Município) (431720)	23.866	21.146	2,89	2,87	2.602,330	37.790,48	489,800	140,59
Santo Ângelo (Município) (431750)	26.296	24.768	2,90	2,90	2.057,340	26.985,42	680,500	112,03
Santo Antônio da Patrulha (Município) (431760)	14.088	9.885	2,83	2,86	932,490	23.377,01	1.049,810	38,00
São Borja (Município) (431800)	20.018	17.844	3,07	3,08	1.596,770	25.995,01	3.616,690	16,98
São Gabriel (Município) (431830)	20.603	18.277	2,93	2,94	1.319,140	21.821,28	5.023,820	12,03
São Jerônimo (Município) (431840)	7.527	5.860	2,96	2,93	543,650	24.404,30	936,380	23,79
São Leopoldo (Município) (431870)	72.721	72.652	2,97	2,96	7.168,440	33.238,91	102,740	2.099,16
Sapiranga (Município) (431990)	25.011	24.203	3,02	3,00	2.537,820	33.644,77	138,030	546,49
Sapucaia do Sul (Município) (432000)	43.661	43.608	3,01	3,01	3.465,450	26.335,78	58,310	2.256,72
Taquara (Município) (432120)	18.908	15.634	2,90	2,90	1.254,270	22.895,28	457,880	119,64
Tramandaí (Município) (432160)	14.107	13.781	3,01	3,00	816,180	19.251,91	144,410	293,58
Triunfo (Município) (432200)	8.816	5.693	2,96	2,99	7.892,110	302.704,53	818,800	31,84
Uruguaiana (Município) (432240)	38.279	35.849	3,27	3,27	2.366,770	18.885,82	5.703,590	21,97
Vacaria (Município) (432250)	20.261	18.975	3,04	3,04	1.808,280	29.331,40	2.124,580	29,02
Venâncio Aires (Município) (432260)	23.529	14.949	2,82	2,78	2.838,290	42.804,61	772,230	85,87
Viamão (Município) (432300)	77.132	72.251	3,12	3,13	3.183,220	13.246,74	1.497,090	160,51
Campo Grande (Município) (500270)	257.254	253.969	3,10	3,09	26.573,610	33.373,36	8.092,950	98,39
Corumbá (Município) (500320)	28.432	25.613	3,67	3,67	3.196,250	30.639,47	64.721,720	1,61
Dourados (Município) (500370)	62.432	58.440	3,18	3,13	7.239,340	36.484,55	4.086,240	48,56
Naviraí (Município) (500570)	15.107	14.127	3,12	3,08	1.497,970	31.754,21	3.193,550	14,77
Nova Andradina (Município) (500620)	14.971	12.794	3,10	3,08	1.659,210	35.782,79	4.776,000	9,71
Ponta Porã (Município) (500660)	22.958	18.462	3,45	3,42	1.969,760	24.878,91	5.330,450	14,85
Sidrolândia (Município) (500790)	13.547	8.842	3,22	3,25	1.238,100	28.420,18	5.286,410	8,24
Três Lagoas (Município) (500830)	32.737	31.299	3,16	3,15	6.623,790	63.975,76	10.206,950	10,14
Alta Floresta (Município) (510025)	15.648	13.634	3,15	3,14	1.126,280	22.830,70	8.953,190	5,51
Barão de Melgaço (Município) (510160)	2.299	1.020	3,30	3,35	90,680	11.954,91	11.174,470	0,68
Barra do Garças (Município) (510180)	18.323	17.175	3,11	2,98	1.583,140	27.821,81	9.079,290	6,27
Cáceres (Município) (510250)	26.116	22.669	3,39	3,40	1.530,370	17.306,37	24.593,030	3,60
Chapada dos Guimarães (Município) (510300)	5.724	3.526	3,14	3,16	284,740	15.836,43	6.611,790	2,72
Cuiabá (Município) (510340)	170.923	167.646	3,25	3,26	20.270,420	36.438,00	3.293,540	168,91
Jangada (Município) (510490)	2.092	831	3,70	3,57	197,800	25.555,16	1.015,310	7,62
Lucas do Rio Verde (Município) (510525)	14.208	13.373	3,35	3,32	2.846,600	59.838,88	3.675,220	12,94
Nossa Senhora do Livramento (Município) (510610)	3.674	1.303	3,15	3,25	145,580	12.572,61	4.934,710	2,35
Nova Brasilândia (Município) (510620)	1.496	1.168	3,00	3,07	65,730	14.623,41	3.278,860	1,37
Planalto da Serra (Município) (510645)	890	666	3,05	3,07	55,630	20.491,07	2.442,450	1,11
Poconé (Município) (510650)	9.188	6.530	3,47	3,54	419,600	13.171,36	17.164,000	1,86
Primavera do Leste (Município) (510704)	16.283	15.484	3,26	3,24	3.248,390	61.285,66	5.482,070	9,67
Rondonópolis (Município) (510760)	63.461	61.303	3,13	3,12	8.310,920	41.773,89	4.686,620	42,45
Rosário Oeste (Município) (510770)	5.359	3.103	3,28	3,42	211,960	12.042,27	7.419,630	2,37
Santo Antônio do Leverger (Município) (510780)	5.793	2.063	3,23	3,51	375,640	20.092,25	11.735,750	1,59
Sinop (Município) (510790)	35.133	29.548	3,30	3,25	3.980,310	34.308,88	3.942,230	29,43
Sorriso (Município) (510792)	20.546	18.072	3,35	3,34	4.172,450	60.563,31	9.347,560	7,37
Tangará da Serra (Município) (510795)	26.434	24.259	3,23	3,20	2.499,630	29.297,51	11.601,250	7,35
Várzea Grande (Município) (510840)	76.946	75.907	3,32	3,31	6.701,990	26.236,12	1.048,210	243,70
Abadia de Goiás (Município) (520005)	2.200	1.595	3,19	3,25	100,820	14.355,78	147,730	47,54
Águas Lindas de Goiás (Município) (520025)	45.608	45.631	3,58	3,58	1.351,200	8.264,48	188,390	867,88
Anápolis (Município) (520110)	107.519	105.927	3,15	3,14	17.726,180	52.359,90	933,160	362,80
Aparecida de Goiânia (Município) (520140)	140.615	140.804	3,31	3,30	10.946,840	23.536,88	278,540	1.669,76
Aragoiânia (Município) (520180)	2.778	1.831	3,06	3,07	96,930	11.385,25	218,180	39,02
Bela Vista de Goiás (Município) (520330)	8.391	6.026	2,98	3,03	655,910	26.273,14	1.275,850	19,57
Bonfinópolis (Município) (520355)	2.448	2.276	3,15	3,15	82,490	10.707,02	123,430	62,42
Brazabrantes (Município) (520360)	1.120	753	2,92	2,91	59,700	18.267,40	123,070	26,55
Caldas Novas (Município) (520450)	23.793	22.843	3,03	3,03	2.173,190	30.153,50	1.608,440	44,81
Caldazinha (Município) (520455)	1.133	656	2,97	2,96	40,840	12.152,27	249,690	13,46
Catalão (Município) (520510)	28.824	26.870	3,07	3,08	7.896,290	89.371,09	3.821,460	23,12
Caturaí (Município) (520520)	1.559	1.211	3,02	3,04	64,210	13.621,54	205,080	22,99
Cidade Ocidental (Município) (520549)	16.342	12.856	3,49	3,47	571,980	10.015,74	389,990	146,44
Cristalina (Município) (520620)	14.028	11.409	3,39	3,44	1.789,120	37.636,41	6.162,090	7,71
Formosa (Município) (520800)	31.167	28.321	3,26	3,30	1.876,520	18.445,87	5.811,790	17,50
Goianápolis (Município) (520840)	3.332	3.042	3,21	3,19	137,360	12.840,98	169,010	63,29
Goianésia (Município) (520860)	18.640	17.350	3,24	3,25	1.150,180	19.059,47	1.547,270	39,00
Goiânia (Município) (520870)	435.214	433.629	3,03	3,03	50.044,840	37.965,99	728,840	1.808,55
Goianira (Município) (520880)	10.652	10.472	3,27	3,27	590,050	16.930,08	212,550	163,97
Guapó (Município) (520920)	4.661	3.749	3,00	3,02	208,170	14.885,58	517,260	27,04
Hidrolândia (Município) (520970)	5.608	3.360	3,16	3,18	427,480	24.112,10	953,730	18,59
Inhumas (Município) (521000)	15.776	14.733	3,08	3,08	922,070	18.980,47	615,280	78,96
Itumbiara (Município) (521150)	31.719	30.368	2,96	2,96	3.913,490	41.738,08	2.464,510	38,05
Jataí (Município) (521190)	28.666	26.298	3,10	3,11	3.909,140	43.937,75	7.174,230	12,40
Luziânia (Município) (521250)	51.426	47.821	3,44	3,45	3.602,480	20.341,62	3.961,100	44,71
Mineiros (Município) (521310)	16.450	14.935	3,28	3,30	1.913,500	35.433,17	9.038,770	5,97
Nerópolis (Município) (521450)	7.615	7.295	3,24	3,24	666,800	27.058,50	204,220	120,67
Nova Veneza (Município) (521500)	2.559	2.198	3,23	3,25	160,150	19.386,15	123,380	66,96
Novo Gama (Município) (521523)	27.320	27.049	3,54	3,53	827,240	8.563,29	194,990	495,42
Planaltina (Município) (521760)	23.559	22.278	3,49	3,51	899,950	10.940,58	2.543,680	32,34
Rio Verde (Município) (521880)	57.215	53.123	3,16	3,16	8.301,070	45.857,20	8.386,830	21,58
Santo Antônio de Goiás (Município) (521973)	1.452	1.329	3,32	3,30	111,330	23.069,39	132,810	36,34
Santo Antônio do Descoberto (Município) (521975)	18.446	16.323	3,48	3,53	565,320	8.816,52	944,150	67,91
Senador Canedo (Município) (522045)	25.020	24.962	3,47	3,47	1.826,400	21.029,66	248,290	349,79
Terezópolis de Goiás (Município) (522119)	2.036	1.755	3,28	3,29	148,100	22.186,81	106,910	62,43
Trindade (Município) (522140)	32.940	31.590	3,23	3,22	1.687,000	15.876,76	710,330	149,59
Valparaíso de Goiás (Município) (522185)	40.602	40.702	3,35	3,34	2.090,550	15.381,99	61,450	2.211,70
Brasília (Município) (530010)	808.432	780.752	3,23	3,23	233.122,070	89.318,87	5.780,000	451,56
